request_id,request_type,target,duration_ms,status,ok,error
5b776a94b4dd4874992db52b6c65558a,top_entities,server,7.329,200,1,
518d7168abbd43f38262fac90da3fd2c,top_entities,server,3.476,200,1,
34f76f5d7d954cc7bd2bf01fb0dfb5ea,top_entities,server,3.145,200,1,
58253f9fc3244d3aa49f2a40bc746331,percentile,server,3.131,200,1,
57dd8da2772847edbb1ecc2c09899fde,cumulative,server,3.077,200,1,
6a745a7891aa4c09971c0b1026307677,frequency,server,2.689,200,1,
ac2225f3bb654cae81c9739fc950e65a,top_entities,es,3.687,400,0,
e65f967489a642ee948ef08a9af70a1d,top_entities,es,2.677,400,0,
e2bdf47278de48c8a3d449349ea2e1fa,top_entities,es,2.571,400,0,
6d8fe83cc31049abbed12bf5fb5ad0a5,percentile,es,2.478,200,1,
c07034a00375406a9db195127f664a82,cumulative,es,2.247,200,1,
f5018a86ee944b568793e057c1d175d6,frequency,es,2.299,200,1,
1ad30065259042efbf6d530397567e8a,top_entities,server,6.093,200,1,
59f32a5cbcec442ebbcae3eba449db20,top_entities,server,4.179,200,1,
92d51132b01e4404be2ec9483e65d23e,top_entities,server,4.739,200,1,
3122e19cf95f482caa896a4cdb1d257e,percentile,server,5.012,200,1,
32b017006789492d84ce7ebfd881922a,cumulative,server,4.639,200,1,
5f648b2901674a5198d4d45e82f22139,frequency,server,4.276,200,1,
74c8f3897d504d6787e7a9f4e41f10c6,top_entities,es,4.587,400,0,
c011c0feff92494b86268b23493532e8,top_entities,es,3.502,400,0,
23c0208101064e4a9ce83eb2f686e56b,top_entities,es,3.138,400,0,
d6ae99dd2b344eea89323973e2c16875,percentile,es,3.121,200,1,
22d45baaf2ae48628cf57dfcbdc7b535,cumulative,es,2.852,200,1,
669b1258ab4641fa820b1db6f26faf32,frequency,es,2.970,200,1,
6877ed0b262c4b8abd228e3fefcaaab4,top_entities,server,5.607,200,1,
3508a045fafa493ca4e8f81bc6010508,top_entities,server,4.641,200,1,
5b46cb251e4c4d84b27b58486bc7d186,top_entities,server,7.251,200,1,
90783a1cb45d4cb3bd85d8c149335943,percentile,server,4.912,200,1,
4d119285020e461081f57fed088558b5,cumulative,server,4.881,200,1,
63c58206a7454ca38ef7dcbb4598c09c,frequency,server,4.267,200,1,
76a3681451c8404aa43c681e8086afc3,top_entities,es,4.786,400,0,
a4426a65370d45219099c51c0f35c6c1,top_entities,es,3.561,400,0,
ce10c2687db942d5ab7a9cd37b330d27,top_entities,es,3.395,400,0,
79c045ae0db6425bb2ad6205b03e109e,percentile,es,3.119,200,1,
81e16e6e88d84092b9a5ae39badaf329,cumulative,es,2.997,200,1,
90cdc5b127594a719918b6c621716360,frequency,es,2.973,200,1,
39da296376904fb2a6ed92e8f9a28ce2,top_entities,server,5.915,200,1,
fdddff3d5c8f426e8dbc525d7f9624bf,top_entities,server,4.664,200,1,
b61fb962a88c4084aaad8a991275ef3d,top_entities,server,4.744,200,1,
866e4e6c4d2c4df19685a1bc3b863a9e,percentile,server,5.150,200,1,
ed244564098e40c9b039af33af7b7fa5,cumulative,server,5.040,200,1,
b97948991ece4baea7e8f1232f8b59a9,frequency,server,4.047,200,1,
00ae05096270437d9decfc5396989c31,top_entities,es,5.391,400,0,
714859233902410da4caea02e981f801,top_entities,es,4.008,400,0,
45be03a8e72c450f962347e1f027a7d7,top_entities,es,3.696,400,0,
794b2a75fbef4bf58883a60adec04f29,percentile,es,3.433,200,1,
0f6a21e0c0874e27bdaebb40b7766b08,cumulative,es,3.199,200,1,
27cd4331803d4496b929a9102bc38bb6,frequency,es,3.357,200,1,
5bde07214fff4bc691d5146a4e7447f2,top_entities,server,6.879,200,1,
5673a269aa9f46b5a0338db2c92ac10d,top_entities,server,5.184,200,1,
02ee70e795644e45b1260d88e8dbd9e0,top_entities,server,5.426,200,1,
52a6e62eb585478daaa586ce1ea09d7f,percentile,server,5.534,200,1,
1e349ce71e234c5aa533a6744382e5ba,cumulative,server,5.389,200,1,
461c4daf16d5400987313dc26d3c3f06,frequency,server,4.478,200,1,
5018cb06469e4cb3bf24f606ae0ff053,top_entities,es,4.257,400,0,
290c112777164910a014d0d630e6acff,top_entities,es,3.527,400,0,
52c8714c92f642659032cc45a3ab3856,top_entities,es,3.370,400,0,
55534c2c05754462be7b917a86e20acd,percentile,es,3.012,200,1,
2cb4563e6f3d431398d6da2252cf83d1,cumulative,es,2.837,200,1,
437e3fe417c34fd590a44f1ef83a0da3,frequency,es,2.770,200,1,
e676fe26ebad4e8396fa01ab1a2338b3,top_entities,server,7.011,200,1,
3a5e9ad284c74b0d9a0a3ab4c70829ba,top_entities,server,5.198,200,1,
b19098cbb1f84ff79b2c0bc794f0a04a,top_entities,server,5.251,200,1,
2ba9d417f1f94a88a79553c389d379db,percentile,server,5.455,200,1,
5d8ebcfc8e2c49f8a228bf34b0283ce6,cumulative,server,5.146,200,1,
4cf0a7bf5a3748b4a2b55f4524d2ea6e,frequency,server,4.313,200,1,
51a8a824cfb74f37977c7da8c3c0bfe2,top_entities,es,4.955,400,0,
6949d2c3d95e4de58fa814cf85c9e43b,top_entities,es,3.958,400,0,
dd1b3b6533f947e3b7a1ec6a254d5188,top_entities,es,3.757,400,0,
c3c4e9f54ec3406b93aff1c4c844c155,percentile,es,3.466,200,1,
ae34214cdb164bc5b142a351c265ffe9,cumulative,es,3.327,200,1,
6261caef8a5244ebb0698bc38c8bd761,frequency,es,3.311,200,1,
4e6241cf5bf24f9d8538788522a003a6,top_entities,server,7.041,200,1,
93ed751caa6a43659f26d4e0ed04f4b7,top_entities,server,5.113,200,1,
52e08866745447b998bac8d32605ad64,top_entities,server,5.093,200,1,
ac1da909a0b3416f9d9e34788a8bc804,percentile,server,5.885,200,1,
ada55c1019e94bc7bc1c17b2a9745ce1,cumulative,server,5.433,200,1,
9ad46b0f72224d85bc33e94bb7f214b2,frequency,server,4.466,200,1,
507784e5931849dba24611f59e10da6d,top_entities,es,5.269,400,0,
ffff52cc0f894090b9642a6143f58baa,top_entities,es,3.987,400,0,
f7708d61e1ef484b93f96e1b75a7cc5c,top_entities,es,4.040,400,0,
9a0c9ba4f13e47b88c721f305f839b1f,percentile,es,3.533,200,1,
084dd2693640479aa4170b4021f63ce3,cumulative,es,3.300,200,1,
039f456dfd864943beaa1e890466a7f5,frequency,es,3.201,200,1,
0a354f21829a49bc9248f6c9b2b1574c,top_entities,server,6.472,200,1,
c1e9ddcdd64041f980ead00987f81fc4,top_entities,server,5.171,200,1,
1897f122cde6471793355395a41ca139,top_entities,server,5.086,200,1,
07ad2aff27c94bebbc320b5e3e1fb1fb,percentile,server,5.347,200,1,
e4ce6fe78a504ee5b899f334706339ec,cumulative,server,5.249,200,1,
7ee61ae0c4994795bed700a9da4fe59e,frequency,server,4.417,200,1,
6b0b62ba850f4a13bb4f2827a1e765f5,top_entities,es,5.424,400,0,
9a98de3f1574443387a3b74b1b537e2a,top_entities,es,3.912,400,0,
acbf30870fef4cbdb52dc3bc643d1533,top_entities,es,3.696,400,0,
e0c50b81e68a4b5e8221cb4ff7dcd43e,percentile,es,3.338,200,1,
9bc7f787ce104366a24c98f3d2ad3778,cumulative,es,3.182,200,1,
02f8fe00594f46c3801813bc786d80f1,frequency,es,3.167,200,1,
64b0e2412dec42e3a54fdd682a890bfa,top_entities,server,6.846,200,1,
052bfa2e360e480b8ed2b6c3f2700d8e,top_entities,server,5.195,200,1,
cf7a78b29f3f448195b4f786c2665be7,top_entities,server,5.143,200,1,
e12fb09ea5ee4d5aa18f732ba0169555,percentile,server,5.454,200,1,
76c265c57dee4b77b797bbe7ca7a61cb,cumulative,server,5.230,200,1,
e8ccaf3c8e484c328de94e302b9ca229,frequency,server,4.414,200,1,
d3a5ff63f32145fe859b7b22c87da6d8,top_entities,es,4.670,400,0,
051c961528a64148a5913dc05cb5c003,top_entities,es,3.806,400,0,
d369d200c8c04ae089f064a2c32d396e,top_entities,es,3.521,400,0,
0ade6c27caa84eed8ea54916b9b985d9,percentile,es,3.008,200,1,
84402767c9d140e280cc04b150891581,cumulative,es,2.957,200,1,
5f82e26727c84cf1bd5e0d4dd8563723,frequency,es,2.877,200,1,
b75d5f71864948d5b70ffc7af49dd5d6,top_entities,server,6.381,200,1,
72fee67e08d549cc9c3fad3acb4c0f5e,top_entities,server,5.801,200,1,
11f54f242a764d80bbaf2b913ee74aa3,top_entities,server,5.135,200,1,
992373e17e9144bea5dd8594f528d8b3,percentile,server,5.356,200,1,
689c7e63c8314d9e8f198fd73670b95c,cumulative,server,5.137,200,1,
0a6381f71d604f42be253d9116832e66,frequency,server,4.617,200,1,
e72795cb180749dd903e8b0c0c833440,top_entities,es,5.272,400,0,
5f13aa8c49484ee5a363b4a174ffa5ac,top_entities,es,3.818,400,0,
2ede1888ab084f6385913e98865d5444,top_entities,es,3.696,400,0,
265e5b45e8a44de195aa292165439849,percentile,es,3.454,200,1,
d7ef1463abe344b1b313549e2d8f0b5b,cumulative,es,3.225,200,1,
a82ee49c618f46d2b1f9097874ddd83a,frequency,es,3.234,200,1,
35d8ef0529914bc4aeb3111784bc4001,top_entities,server,6.561,200,1,
a3e0d20de06249d882f0899edfd724cc,top_entities,server,5.053,200,1,
2965c346dbcd4f5d9351105f8235ddd4,top_entities,server,4.790,200,1,
12f838d378274ac3b2ce4004cdfae316,percentile,server,5.350,200,1,
e594a9a8e100452da451f12611985ac6,cumulative,server,4.777,200,1,
4b474fee1e704b50a5c00884f74e6053,frequency,server,4.333,200,1,
8165365bbf8d4eab892602c00d009234,top_entities,es,5.285,400,0,
7195bb30beef44d6b1a1e206c9e856e4,top_entities,es,3.902,400,0,
55498ec545fe40a6a55e0ae0ea72013e,top_entities,es,3.903,400,0,
4969b05bc04f4913835bfae2e359ca81,percentile,es,3.387,200,1,
645d0ad14a4a4dd69d329be0a1dfe698,cumulative,es,3.186,200,1,
5c69db863bad4bd99374cbb02ea168bb,frequency,es,3.199,200,1,
c4164f6780644885861533b562ad82b8,top_entities,server,6.663,200,1,
e2a371c5563d4c6d96629bc27a2280b5,top_entities,server,5.028,200,1,
fbc49972bcd74d7cbf9f23eb9c5cfeb4,top_entities,server,4.981,200,1,
4dfbd7c2bf3c45b29952bbbbd2317f76,percentile,server,5.144,200,1,
acf9df7e2e5a4208854a022c413e8a2a,cumulative,server,5.051,200,1,
dd6e00851e4242cea8f169b00308c088,frequency,server,4.252,200,1,
35206226ae374b438e373e42ab1ffc12,top_entities,es,5.012,400,0,
1cd35dbc580c4e84949fc0fe72eb9b2a,top_entities,es,3.836,400,0,
976f4357a56141bab1d74536f1fd6c17,top_entities,es,3.737,400,0,
0f3cf40baec4414bb36a4fe60e2bb147,percentile,es,3.350,200,1,
2a224f6f73534d709d9bc3a0ba9cb524,cumulative,es,3.265,200,1,
def1949beaee453c9fb026ab80d6f800,frequency,es,3.197,200,1,
320c8807c6b24898ba123af142521145,top_entities,server,7.041,200,1,
c34899d15a594672a6df42d7f32f12f2,top_entities,server,5.509,200,1,
28049d2e479d4b4d9f7e0e4a9b08e1c1,top_entities,server,5.047,200,1,
e800f483ba5f40e1b9c99ce0ffe51ad3,percentile,server,5.458,200,1,
d52cb8918b1d46bfa5cc24a0e49644d7,cumulative,server,5.092,200,1,
76a43a6e3e68415198c3bf549700a305,frequency,server,4.396,200,1,
0a0c52a3cb4a4dcda622fa7b62058117,top_entities,es,5.096,400,0,
212273e702034c05b69c13ee23551041,top_entities,es,3.700,400,0,
3aed5f3061054bd49b91fbbb0d3122ca,top_entities,es,3.284,400,0,
176aed80b2ec476a8acc0e9c0128608a,percentile,es,3.252,200,1,
e158fbd7ee6242a19c365e33d545c4f0,cumulative,es,3.147,200,1,
48b7c54eb93e44289236815e4f8ed68e,frequency,es,3.196,200,1,
35a2935bb09b469ab9d2784afeada9f5,top_entities,server,6.876,200,1,
74d1c6d9a3324b18a3e0666f05cbaf64,top_entities,server,5.238,200,1,
40bc1e30966d44aea2edfd92e5d47182,top_entities,server,5.050,200,1,
0da29a6806504001bd8343ccb7e58eaa,percentile,server,5.467,200,1,
cdf96d4d60774f2e95ec6e78e854d349,cumulative,server,5.139,200,1,
343cccb5b3b74c409658702306759eab,frequency,server,4.399,200,1,
2158bddbb3044abbb5124636eaf6045d,top_entities,es,5.018,400,0,
f7963ae81c2c4e63ac3428cb2a44e4ca,top_entities,es,3.405,400,0,
d725f7745b1c4cf7a3ae5129f8737345,top_entities,es,3.662,400,0,
97d594be0c944a6fbffdc629877d23a0,percentile,es,3.269,200,1,
65f01a1ca61547788ad80fb91de302ea,cumulative,es,3.166,200,1,
33ef9e03e26944979d51a79ea24bfe5a,frequency,es,3.195,200,1,
87c7b71249f8477b895d091baf8696bb,top_entities,server,6.793,200,1,
b2358649685b4c33ab1c52b79c158402,top_entities,server,5.318,200,1,
1caf82ebf30d44489e5ebb5d1a9be445,top_entities,server,5.016,200,1,
ab3ffa411b8e4e86a06fc2693b31aa4d,percentile,server,5.552,200,1,
8d04c621909c41ecae9c2ae9809df0c8,cumulative,server,5.157,200,1,
0fafa86bd8054d31b979309160426184,frequency,server,4.279,200,1,
20a75024e81b4629aff02c1180757cca,top_entities,es,4.999,400,0,
52d1e75dd38f4360a2f2978c47413293,top_entities,es,3.737,400,0,
dcd399286fba4960a875eb8609e4cf51,top_entities,es,3.732,400,0,
386d7b060c054aeeabcd5e69bb5a3a9f,percentile,es,3.352,200,1,
58b2cc8baf0840c4acf838424983ddb4,cumulative,es,3.107,200,1,
1a3357b835794d13841a43fb17091647,frequency,es,3.153,200,1,
4cea9e6d31e348bda0d0a4aecc113f5c,top_entities,server,6.014,200,1,
5e02475844b24d0eb1822e4e088a7759,top_entities,server,5.075,200,1,
a18b7f47e8ae43b88b37537f7665bf4a,top_entities,server,4.916,200,1,
de19f97afcf545e4950f840e6910f6e6,percentile,server,5.312,200,1,
f0b0a1721af242a48b24077e95e15298,cumulative,server,5.022,200,1,
1bc4f1a6e75e45dcb8d78f545b119941,frequency,server,4.298,200,1,
b219d610bcd8413f8a09676ac297b786,top_entities,es,4.748,400,0,
c69bceb30af04dd2a8e111965a3f234b,top_entities,es,2.327,400,0,
196454ff7d9f4616a14b30d3e5a08bc5,top_entities,es,2.521,400,0,
565ff023138a4aa191bb627ef24c6df2,percentile,es,2.031,200,1,
39c39a02f3334a88b3f91e0bf9f56580,cumulative,es,1.987,200,1,
de185d90697b4d1497fb7b081784740b,frequency,es,1.961,200,1,
78661a39ec3842dfa2ca54b006d2c548,top_entities,server,5.454,200,1,
6a97e474e49a4289b65393fbe8674752,top_entities,server,5.071,200,1,
0bce31746c0e4d19bc142014870b9277,top_entities,server,4.841,200,1,
aa7ccfb905a445baad955fb5ff7e416d,percentile,server,5.275,200,1,
1f073a66f8704e3bb02e163b9111e3bb,cumulative,server,5.119,200,1,
5ea042d9b96744d5abc78cbed2a4518c,frequency,server,4.179,200,1,
16c3ac93f08a432aba5767da5d0f0bda,top_entities,es,4.437,400,0,
e5d62024a2a44b40b7c98e3a85d49cbf,top_entities,es,3.456,400,0,
e421ccf6464840daa82289f3bfee9bd3,top_entities,es,3.365,400,0,
fefbff3fe8004e1aa29a46812250e862,percentile,es,3.006,200,1,
ece47f8beeee460ea19dd85890576963,cumulative,es,2.928,200,1,
5e4a2842e35949dbaa4cb904ece5f978,frequency,es,2.751,200,1,
93e5bd4a30f549d49309b8b8692db25d,top_entities,server,5.741,200,1,
3c154dc6d00d4f118cfa0b1150308350,top_entities,server,4.917,200,1,
1d67d5b4707d4804a1ea0eab2867fc20,top_entities,server,4.862,200,1,
f12607639bbe417584331e3a9867ab01,percentile,server,5.298,200,1,
52bc8bf9b02245c98d1a69678933df9a,cumulative,server,5.078,200,1,
d01db347bd384163a2c128fff016488e,frequency,server,4.169,200,1,
5acb41b5554d4605a512b9c272befce0,top_entities,es,5.645,400,0,
4e8bf108580947719f4026d743ba2b81,top_entities,es,4.018,400,0,
53c96130f1944bd5ab5c24f2c3ebae98,top_entities,es,3.682,400,0,
765bf098aac047c387bdfc5b2fb4bf6f,percentile,es,3.382,200,1,
55cbf42e188a449c84acb7c834e69ce4,cumulative,es,3.216,200,1,
3b6fb0e481494e5f87d58c1a9eedf3cf,frequency,es,3.185,200,1,
c6468ca51f774b1c917c1622a455419f,top_entities,server,6.975,200,1,
1f4fc5c5a9ec431db98c9539dd8e3580,top_entities,server,5.274,200,1,
ccf678f60bd44471a4801a89b653c9f2,top_entities,server,5.015,200,1,
b865940570c64fbcbf3033b2b572e78e,percentile,server,5.336,200,1,
20b4c17eacde4a67aa1af83656864ea4,cumulative,server,5.156,200,1,
c7c5b8d414b54bffb6b46b78be4d0647,frequency,server,4.269,200,1,
4516ba9e713e4852ab0d239f0444222e,top_entities,es,4.831,400,0,
7a73dc8a0e38480b9d84d4c7cc092076,top_entities,es,3.686,400,0,
dbe86171945740dc9ba73a075ed51b82,top_entities,es,3.584,400,0,
afb6888fe59f4a159f58da3877c86f40,percentile,es,3.228,200,1,
096bce4c62e94b1e92a4202b72af4ffc,cumulative,es,3.078,200,1,
4a64757d68344f9d97d3004e58de6ef7,frequency,es,3.076,200,1,
66677de8b6a24427bfbfb6a0a7c85afa,top_entities,server,6.137,200,1,
950b6ebc5ab146198ec7b7dca1cdbf9a,top_entities,server,4.621,200,1,
ebca4f071e1848c1a6b4b80b67d55ee3,top_entities,server,5.078,200,1,
b3cb93740a0c4f00bbb4fe83abb07361,percentile,server,5.218,200,1,
dadf7636b80f4c29a78db322df83de11,cumulative,server,4.095,200,1,
7243951c16c74a7fa2b5b9016b031f17,frequency,server,3.987,200,1,
8203b78913024448ac0a3b309a29e4ef,top_entities,es,5.366,400,0,
2483bae116f545f98ef9a66427241afe,top_entities,es,3.933,400,0,
37001aab6fb0440fb0db35bf84ea77ea,top_entities,es,3.791,400,0,
7e8f1aff74d34b0d9c9adfd38154a141,percentile,es,3.493,200,1,
4a21f559ac3744f78f8432cc55ceb887,cumulative,es,3.243,200,1,
02a17e499c674e0a9f29fd28aa57457a,frequency,es,3.302,200,1,
b867e7a91a584bdd9fec095298cbfcaa,top_entities,server,6.762,200,1,
65253ced573541ad96d05757af76d5e5,top_entities,server,5.264,200,1,
1ba65273a3154faa98d55de7c00553cb,top_entities,server,5.020,200,1,
e6444b3062824b7ab5a1c6efdf122324,percentile,server,5.268,200,1,
4ade90ccecd34c47863c874cf1856791,cumulative,server,5.000,200,1,
6f310c519909406a8fe02c4bacf8adfb,frequency,server,4.371,200,1,
eafed42240714038aab546da8abf29e0,top_entities,es,4.906,400,0,
f1839dd269cd458f87d9f7ee2d658f09,top_entities,es,3.841,400,0,
c1ce888cf8df4a448c0581ab29fec9d1,top_entities,es,3.670,400,0,
7a0dae2f14d74843b14c72c221141158,percentile,es,3.371,200,1,
e03ebea099284396bd644d3ee3facab2,cumulative,es,3.187,200,1,
b9234e232df545ce82f97ff765c68ef1,frequency,es,3.261,200,1,
6a9fc333716640c7af724be3f7330646,top_entities,server,6.031,200,1,
5f3fdda25cf64a31891463fb4a5801f2,top_entities,server,5.043,200,1,
1415eb20961d44ebad163cf8f22e728d,top_entities,server,4.983,200,1,
eed72d1cf2904d449eb6caca1a7d0443,percentile,server,5.432,200,1,
825e16c6e6bc4bc08ca2dbf9d323a0f9,cumulative,server,5.189,200,1,
8200138d0bd145a5af20ad300bab4e2e,frequency,server,4.309,200,1,
368af6c71083401180c94ed1fbf4b86e,top_entities,es,5.383,400,0,
d21d208101284eb09ef48b2a69766a76,top_entities,es,3.980,400,0,
c19debdc98c449a396ee9772ee4014a5,top_entities,es,3.645,400,0,
71f81387057d4e8ba4abbb9f8d6e0ef8,percentile,es,3.434,200,1,
62caec1783784202947b6ce9422d9964,cumulative,es,3.184,200,1,
667ac97f5dd14d7191be657d376fbe1e,frequency,es,3.191,200,1,
3ddc096f2222426bab54bef1cd4cfeb8,top_entities,server,6.932,200,1,
5cf5b815bef64597bc221a3b47aa1085,top_entities,server,5.407,200,1,
c0a60d847fc64490b5c461211845f235,top_entities,server,5.111,200,1,
c64bb5054cae412f9a5036e1d8ca4a86,percentile,server,5.476,200,1,
5007e436625648ca8f33150170941e14,cumulative,server,5.299,200,1,
d02eed92346e49999223d798936c732c,frequency,server,4.386,200,1,
a8b17ad7d6c04ff68ee77e3ed6ec9004,top_entities,es,4.656,400,0,
362e52caad794026856580a7163b0d7b,top_entities,es,3.849,400,0,
e18a2b38bfec42f78dbf2c26d3577718,top_entities,es,3.691,400,0,
e36d41a389ad4fc4a1779930d8330e73,percentile,es,3.491,200,1,
ff8070f920f44a5cb95998905ae1fa36,cumulative,es,3.198,200,1,
937efc3e2d804f88b0934f46b13f0939,frequency,es,3.282,200,1,
bdbbebb425aa41e5b192c265c4b74cfe,top_entities,server,6.933,200,1,
fd5505b81b7742f3ae3c10ef1d670e76,top_entities,server,5.252,200,1,
b6b960c114ce4b818e488181666d54b3,top_entities,server,5.175,200,1,
54dc025ad7374fcd86e3888f512f489a,percentile,server,5.489,200,1,
ecf770db73ac42cf9ff9e2d5a99baba2,cumulative,server,5.147,200,1,
a7ba86ddeb144ccf88b89461e860fe9f,frequency,server,4.343,200,1,
8df09587b4254750b339a6c75e568544,top_entities,es,4.842,400,0,
ca2b7a9f91c746d7b547b5508db7151f,top_entities,es,3.474,400,0,
3403eab60e284a0caec1359a84c34bcd,top_entities,es,3.782,400,0,
c5feef818efa4d44a9380b419ddcc6c5,percentile,es,3.421,200,1,
2661bcc3e5844236a43f050293d816b3,cumulative,es,3.256,200,1,
e02fdceed5d54dcb80f357d3d94b8391,frequency,es,3.279,200,1,
0fa6ea848136452db511ac16a35eb473,top_entities,server,6.923,200,1,
a47db3e213e1467dbe9227a25db9348f,top_entities,server,5.184,200,1,
c3f781b0b11d480bbb0ff05acc8b9bea,top_entities,server,5.154,200,1,
51c79dedf8264303a41e2085b2ae9c0e,percentile,server,5.633,200,1,
6a25aee1f9a4463da5b49bb65a6049a8,cumulative,server,5.355,200,1,
1f74e069c51b4dd8bccbc9de0026e3f2,frequency,server,4.462,200,1,
4131f02ea8124da79e1484f491083604,top_entities,es,4.471,400,0,
2d75a83a79e44ef592ba215c6f1b1aaf,top_entities,es,3.364,400,0,
01292c42563d440b916253022f53456a,top_entities,es,3.542,400,0,
9809748dcdd24f4696ded8c33a49e7ea,percentile,es,3.157,200,1,
f8ae6fde2407453bac2eed8f1651fa26,cumulative,es,2.867,200,1,
b479703679244c1b9dd54290d867224e,frequency,es,3.068,200,1,
156cbede8ec4480092e23f57b93794ce,top_entities,server,6.976,200,1,
9614d97fa79e4a6b9ccc2885ee0ba720,top_entities,server,5.228,200,1,
6083256de7df476e98383117cf88936e,top_entities,server,5.045,200,1,
43c287b75c3d4ba582b30fe51f5220a0,percentile,server,5.558,200,1,
25e06d6e9db04902890dbe615ef463d4,cumulative,server,5.379,200,1,
e3e1b238ae9948b6ae6bb8dd788692cb,frequency,server,4.422,200,1,
e01ba29528434ee9a9e28a1e434329b3,top_entities,es,5.107,400,0,
e6df89fdf20148aca92f58b38c2839d4,top_entities,es,3.786,400,0,
ff5af0ee2d9044709b48bd42919e68ec,top_entities,es,3.688,400,0,
4fa81811befd41a5988eace632ead47e,percentile,es,3.263,200,1,
14af69e1bdf34c3c9db915285939fbbf,cumulative,es,3.147,200,1,
d819c73705284087bd78dad25ebd5ea1,frequency,es,3.175,200,1,
65d9a2cb07214ecdb42b93b75fad967c,top_entities,server,6.251,200,1,
5107ff57335140e08f0c0b3386ae5a5b,top_entities,server,5.101,200,1,
ceea47a527aa44538d1db75d3a952ef9,top_entities,server,5.056,200,1,
157074989e76474f9412878da51c5924,percentile,server,5.546,200,1,
ac7d5362cc844940a2072ec5af23db0d,cumulative,server,5.187,200,1,
1f477e4452364505a48f2615d248b2bd,frequency,server,4.280,200,1,
2f91856e46734270ba2e008e9890367d,top_entities,es,5.363,400,0,
168aabc010f540fa8f89668000c94578,top_entities,es,3.980,400,0,
36801b009ee84c6bac3bb130ab56c912,top_entities,es,3.754,400,0,
bcbc7a13388b43d4b8c94a34925d974a,percentile,es,3.498,200,1,
14e8fa3f366c438ea4e7e4da56f37d7f,cumulative,es,3.202,200,1,
e637238771b24e7bbd61402adac45ef9,frequency,es,3.210,200,1,
29a2bdcc8a504e1685fd501d2a6ba3d1,top_entities,server,6.791,200,1,
c92f54a732104cc7b62b9849552b186e,top_entities,server,5.125,200,1,
5949c70c0b7d4ec782c63af07fc71dfd,top_entities,server,4.977,200,1,
28fef9948b2b44af87a470d5ccba5c04,percentile,server,5.345,200,1,
598331afbb11431f955a4173741bd1e7,cumulative,server,5.299,200,1,
2a1da226e2bc4a73be2748688f9f65a9,frequency,server,4.231,200,1,
1cd77523e63e410e993726340f23b1b3,top_entities,es,4.935,400,0,
d52ce3536e4a44f0881094181481a674,top_entities,es,3.795,400,0,
9385f541a091409c92340e64650abb75,top_entities,es,3.350,400,0,
df41838db156425a8ac588e21728b403,percentile,es,3.368,200,1,
21268dfa49104254b2b140e294492e91,cumulative,es,3.200,200,1,
6ffd0e625ec5455d9cdc55ac7dc225fd,frequency,es,3.184,200,1,
fb2d4aecd84d4e94a11c884b4ca93ddf,top_entities,server,5.979,200,1,
aa412b84bf3f4bbc856186b52be000a1,top_entities,server,5.139,200,1,
92863668e1cb4d90b4550cbb5253cb8f,top_entities,server,5.112,200,1,
cf9bb9cd0b9549e79f41fe78ba857a25,percentile,server,5.394,200,1,
4e05a1c2d0db40e0b81957ce0dabaabb,cumulative,server,5.156,200,1,
ed4f2e0eb0184ec39cf0884ac6abbe16,frequency,server,4.381,200,1,
bbb34ef963314de09fae00bdaa5c35e2,top_entities,es,5.419,400,0,
e633642cc4d9441795274b559e8350e8,top_entities,es,3.985,400,0,
a946af2d13d343c18ab7ace51f2c9d40,top_entities,es,3.706,400,0,
af8b8de90fa041f78e3d2495fd8dce9b,percentile,es,3.363,200,1,
4a44084ddbba450eb2de37b5528cd701,cumulative,es,3.277,200,1,
e0a50af756e14182a46cbfee5977d271,frequency,es,3.237,200,1,
ee344b86ba004ff194df3bd09b6b5bbf,top_entities,server,5.116,200,1,
adda496633914fd59fa2fec502b6b837,top_entities,server,4.048,200,1,
41dac8745f564f3b898d0f0a80ba6c54,top_entities,server,5.320,200,1,
599dbb7f30954c82b17f27e11f5b278b,percentile,server,5.469,200,1,
38439d1b6828461796744f5b8e140fc8,cumulative,server,5.001,200,1,
8b24da13a58e4128bd0d842dde31813a,frequency,server,4.267,200,1,
656fae7897ff45b3be08ef6c8ff5391b,top_entities,es,4.972,400,0,
1f687a9a497e4c09b9d42765fb43afcc,top_entities,es,3.384,400,0,
1a49e2fc8daa4ffe80ef33a6345676f2,top_entities,es,3.446,400,0,
d80f8777f3ab41e6952b775f0c5f1c81,percentile,es,3.337,200,1,
0b15ee21b8474fb98e181bba6bf7856a,cumulative,es,3.078,200,1,
9e2a80b4f0b94299995e28180ca085c6,frequency,es,3.246,200,1,
d8c15fccd10647e09288a5a196715232,top_entities,server,5.567,200,1,
90933b1638ff49c0a87cbb23ada13f06,top_entities,server,4.833,200,1,
03fd5d417307452e952dccc16095de15,top_entities,server,4.978,200,1,
d029d383ce7647518bbe207a710e75a2,percentile,server,5.166,200,1,
a9891ebfb6a643409e87ffd0513059c3,cumulative,server,4.966,200,1,
3400aec6e2274f52b1302ed8926e91db,frequency,server,4.297,200,1,
b8c3841f635f4d31b77b0d0b5a7e0016,top_entities,es,4.606,400,0,
9d30b9846be64cd88a0990ca269a0337,top_entities,es,2.762,400,0,
2b1a66b97eb943bfae1a1267d11ac208,top_entities,es,2.530,400,0,
1847a4399ace43a2a642d80f7024733a,percentile,es,2.088,200,1,
22c8eea04fdc49b4afb9871dc04c21d1,cumulative,es,2.273,200,1,
4fbb372b188941abbc91cf181328fb80,frequency,es,2.804,200,1,
f91a4b8dcdbd47baa28a3c59156b26b8,top_entities,server,6.845,200,1,
94aa02aa5b0646478f4a88fa464fdf69,top_entities,server,5.434,200,1,
1368962f52f74a4a920db2cddb935dd8,top_entities,server,5.189,200,1,
0e5200dee59f4d5fa513ceba28d47356,percentile,server,5.480,200,1,
bf3c274a05d143bb91bff04f18b6959a,cumulative,server,5.227,200,1,
b979be4432434e5d8e67ae4f2ecfb77a,frequency,server,4.514,200,1,
a0e4b10885c24bfa8005747bb883c1b1,top_entities,es,5.138,400,0,
ca90b4abcf7d4414af3849f924fcacb6,top_entities,es,3.916,400,0,
2cffd1d8bdb44471adee351614907481,top_entities,es,3.623,400,0,
ce1a88024ddb4b5f8611e75c904fbfbd,percentile,es,3.312,200,1,
8b02362f80dd46409a6ebeb167239474,cumulative,es,3.128,200,1,
a94ed06266734337bc3ee6a83aa2dbb0,frequency,es,3.038,200,1,
9723e91eaca944c1bacd0182c4e5cf6f,top_entities,server,6.095,200,1,
f61528ececf3464d96a94a9c394ff9cb,top_entities,server,5.014,200,1,
bbd84daab9b24b138b2f41bc70205c1a,top_entities,server,5.050,200,1,
4eb360aaf0944494ab0d2841cde5ff4b,percentile,server,6.182,200,1,
4c3813a7ea02480f868da1384468f1e3,cumulative,server,5.093,200,1,
8d1c58fa202e45f9b807ab4595253b63,frequency,server,4.223,200,1,
1a6ea614b097474cb5220662c76b0699,percentile,server,5.309,200,1,
64c4afd9ea3e41149a8ce81ac2700650,cumulative,server,5.050,200,1,
b3d7eb862b30480080e7c09540500fb5,frequency,server,4.162,200,1,
75ff3b3184e048a5848ef2ffb5ddbcaf,top_entities,es,5.408,400,0,
9d5944175d1b4c778304892ab20fab3f,top_entities,es,3.905,400,0,
641c7ec71dee428d97133f326a485d6b,top_entities,es,3.735,400,0,
02f8da43ac594ee98639ea12e6d4c54d,percentile,es,3.347,200,1,
fd001974fe18413f87fca1a3ea4f2c0b,cumulative,es,3.225,200,1,
ef16365fc3bd47098ca5b8abd213938e,frequency,es,3.187,200,1,
362195440dcb412eb2ef03b7585e2eb5,percentile,es,3.290,200,1,
c35de2e22b154e74956439b5c8585df7,cumulative,es,3.306,200,1,
9e0891a130a34e97969802b7c1dd1750,frequency,es,5.370,200,1,
c04eb151bc7743188f43e2d172d1d64b,top_entities,server,6.233,200,1,
b15eb158a31e4057941cfde4928ac639,top_entities,server,5.015,200,1,
64fae4670de1497f819ac04935f50053,top_entities,server,4.879,200,1,
3e9b8a95b26b4b619eaa380fbe7d4155,percentile,server,5.297,200,1,
09f0bc63b91643f5bfe9d0b49ee0bc85,cumulative,server,5.029,200,1,
b70c03b4c4444d67a978bcd8188e2ed4,frequency,server,4.228,200,1,
2d28037ba26d49b7b0360bd36bb8330b,percentile,server,6.170,200,1,
20e23460ffd24352be6133f1263aa90d,cumulative,server,5.081,200,1,
473fac04f7a74992b5df491e0ec4c4cc,frequency,server,4.195,200,1,
d2bcdd3fce6545a7a2ba5387c3bdbb4e,top_entities,es,5.591,400,0,
bf620fd145bc44bba70a5ee3bfbd11b4,top_entities,es,3.949,400,0,
5d9ab6689f89423ba92ad6b5210a9c3f,top_entities,es,3.892,400,0,
af6cd660555f40abb55375fdc0fc4aa3,percentile,es,3.338,200,1,
d45a8cff9cc445d4ba7e5c2d94431717,cumulative,es,3.218,200,1,
5cd48b0fff834a2eae31cc53a2004f51,frequency,es,3.155,200,1,
b358168413ab4d609484c0c1e93e8da7,percentile,es,3.297,200,1,
fcde95f6e8e74b4c86391407dcf977dd,cumulative,es,3.193,200,1,
2b413c3c3fbc4963bd10cdabb04e1dba,frequency,es,3.152,200,1,
03246c09619d47d6b01609532719f5ce,top_entities,server,6.942,200,1,
edc7819dc7c04dc8a789adbda9c18062,top_entities,server,5.165,200,1,
f7c1bd43272c490e85fafaeb084078c0,top_entities,server,5.188,200,1,
21f54cc2fad847eea57c7137d402cae8,percentile,server,5.982,200,1,
5484cbfb66dc474aa5d47d5c1dc131c4,cumulative,server,5.374,200,1,
190370a3b023493c85a280c86bb35e40,frequency,server,4.525,200,1,
4aea1159af084055819466d53691b825,percentile,server,6.717,200,1,
6d7f6321004d4884ab79af2815067dd4,cumulative,server,5.275,200,1,
f12881620a0a46e09fd0d6e9c4bba39a,frequency,server,4.376,200,1,
2c055ce573144d2e9899dea5a2c438c6,top_entities,es,4.999,400,0,
133b0413e7e2421caa20d82ccb1d1e73,top_entities,es,3.754,400,0,
8454e79b683e4fb48aec750ae6f9b1ac,top_entities,es,3.664,400,0,
72e5c8d8161749cf9f3eace1d44b9997,percentile,es,3.261,200,1,
3754f6201d8a42beaa5e5ff09d55acd3,cumulative,es,3.099,200,1,
9db1b01dc6624f4795f8b77ce74885ce,frequency,es,3.154,200,1,
ba9ece832f0b43b793fbef5d86250ebe,percentile,es,3.465,200,1,
76c2f7337bfc41d7ba6e490a5ddf9d75,cumulative,es,3.197,200,1,
9721d6d9b9184ad8b0e9713f1e71cffb,frequency,es,3.138,200,1,
3d86d3d4e4de4cdfa169ff94a0b37a1c,top_entities,server,6.464,200,1,
bc14ab608c894b9cb28548205d1a43a6,top_entities,server,5.236,200,1,
616510f5a2c0453cab6241f869c8486f,top_entities,server,4.964,200,1,
aa29d91a49c54c3e8987a7cb803adc40,percentile,server,5.421,200,1,
89da9abcddcd4976a5d667cb0a3587fb,cumulative,server,5.196,200,1,
49ef90e7bea5423aaaadf256a941316f,frequency,server,4.608,200,1,
c1d22dc433744f1eaa27f73344eed6e7,percentile,server,6.301,200,1,
1143792a227943098147a164039b7e39,cumulative,server,5.174,200,1,
ab9fde993d1f4a9697c5db28830672ff,frequency,server,4.383,200,1,
2fb9a7a1c48e4366a232a4118260af6f,top_entities,es,5.414,400,0,
e51ceb2bc84544cfa6e473420bbee30d,top_entities,es,3.867,400,0,
8891c5c18a6446b38b4d15dd6fa83212,top_entities,es,3.675,400,0,
1c0cdeea414d46339d027028166ab48c,percentile,es,3.480,200,1,
e66b0eec0e9349e1bbed08d527b59de8,cumulative,es,3.180,200,1,
daa9c15d35c642d280cf8df55e46c98f,frequency,es,3.398,200,1,
2dd24dd5c4dc45bbbbb2c17eabc748f5,percentile,es,3.386,200,1,
7850361aefe2425bb0dc98499746a8dc,cumulative,es,3.228,200,1,
6520af2d136745efb230e200069cce11,frequency,es,3.246,200,1,
ea88a357ed62431193c1986b592c49bf,top_entities,server,6.202,200,1,
49710384cfac487295d3d6a2e0f967cf,top_entities,server,5.009,200,1,
f8c52511e1b244c5bb41bea95247ebe1,top_entities,server,4.998,200,1,
66f7a24811cd42248d05a74ffbd2a4f1,percentile,server,5.389,200,1,
b4402407ff124172aded22da55d0bbb4,cumulative,server,5.100,200,1,
4c850cf27d154959810c654e5c25541a,frequency,server,4.351,200,1,
e4cad53ddd3d4af282cf66d5b27219a6,percentile,server,6.271,200,1,
87fb0ca9b5df4bb79cfe076f2466878c,cumulative,server,5.239,200,1,
a788fe8256354772b980d3a64dc9f4bf,frequency,server,4.196,200,1,
4477e909f39343b092a1ae7b618a1f79,top_entities,es,4.886,400,0,
aa393e6ff69d49139ba17caec1bc43eb,top_entities,es,3.761,400,0,
33adb7c64dce4ba4913be8ae86aa8366,top_entities,es,3.936,400,0,
82595b8f1d604217b27b97048a202ba9,percentile,es,3.366,200,1,
42325cee9100454985fb1aadb210f70a,cumulative,es,3.209,200,1,
fa9ceffbee5e4b13ab1e9363101752ee,frequency,es,3.240,200,1,
729aef82154f45c7acc3d8dbc40276f6,percentile,es,3.275,200,1,
910b7acfae1c4ababd9e2b71e5593b8e,cumulative,es,3.174,200,1,
c7db44c622d849668289408d01fb3c09,frequency,es,3.184,200,1,
feda2ecbb1ab4ef39e1706a45a63f124,top_entities,server,6.060,200,1,
6d9e1c22689140a6acb7b4c526a342c4,top_entities,server,5.141,200,1,
303eaacc3fb04151bdd355b7c0dbed58,top_entities,server,4.950,200,1,
a2ee9e8933a547de97fbf37cfebc9c3b,percentile,server,5.356,200,1,
d82f0662cdcd47e38738c9111f65f097,cumulative,server,5.229,200,1,
3c144ee078ec4bd6997ad0ea98ad0458,frequency,server,4.362,200,1,
1d386de9b95745c79d81832794eb19d9,percentile,server,6.319,200,1,
b50eeb4cf17845199f5aa0a29910c934,cumulative,server,5.132,200,1,
59d4a04b78214476b6e0499520326170,frequency,server,4.290,200,1,
310d5d8a57b1420887112d8d42a29231,top_entities,es,4.910,400,0,
761eec6769d74eff982edf1b953d6efc,top_entities,es,3.850,400,0,
d0b57f5a9d724ebea94dae6b9cdb80d3,top_entities,es,3.698,400,0,
e6aa7ad44254493eadf05bbbe06ad680,percentile,es,3.352,200,1,
795e6503be2e453f899f4e9d650a018c,cumulative,es,3.209,200,1,
3c17ee38602e42a18b3e062f08057695,frequency,es,3.254,200,1,
024f195a1a134e079c250c94ce85e094,percentile,es,3.352,200,1,
dc7284c9a4b44e20b8ac1f0359df6090,cumulative,es,3.247,200,1,
c7d8932e3fdc4a628d84a7a7a473fc75,frequency,es,3.226,200,1,
2e63d761ae6248b0b69927652d3630a1,top_entities,server,6.693,200,1,
435465006c0c48d1aab20b88918760a0,top_entities,server,5.101,200,1,
aff058e308d14fc29730e86942dddeba,top_entities,server,4.996,200,1,
364f9ff245ed4f7fa487a189412d8ade,percentile,server,5.514,200,1,
811d776eb5444dd6915660da4bd4c459,cumulative,server,5.365,200,1,
c34bdfbd7e3b45e587d774035a59c8a9,frequency,server,4.318,200,1,
04ea11f3125c4abfa8011e5258d8f985,percentile,server,6.189,200,1,
c986fa771c444b339fe5ceed4858ff94,cumulative,server,5.222,200,1,
78dc3cd4930a4a1f9cca37c1bde3c280,frequency,server,4.290,200,1,
a1f2b39997a842798403af8419c26998,top_entities,es,5.209,400,0,
cbb9e7ca5e594a61961f10a8bb927a3b,top_entities,es,4.057,400,0,
bbbe475ad56f449b962b862fd503e593,top_entities,es,3.748,400,0,
9a50bfab07284f0ea378c54676525b87,percentile,es,3.444,200,1,
c36af614d5e6404d9c1eda41b80b4980,cumulative,es,3.300,200,1,
8cbb1e7dac6d488aa001a819bbba064a,frequency,es,3.319,200,1,
4fe615d1245b4a138d39e7a32ca41641,percentile,es,3.331,200,1,
6ea661ac3f3b46f98c1b48201dc27f4b,cumulative,es,3.287,200,1,
c0529b147523422887829523642cf771,frequency,es,3.266,200,1,
9e3bf19141d3410ca43cc5539c1127d9,top_entities,server,5.813,200,1,
4ccdde211dcd445a9c7de9d5eb35ff92,top_entities,server,5.015,200,1,
d432348a016246c5b5d58f782cede79c,top_entities,server,5.160,200,1,
a6cc60c9c8294ae7ac7a328e7ebb2369,percentile,server,5.432,200,1,
7ec5a130380f4cb6ae6ff90530227dfd,cumulative,server,5.309,200,1,
a48a17c72b554d62960c7d9aca336fe3,frequency,server,4.274,200,1,
7e446992144746399974cd3af1873f8d,percentile,server,6.276,200,1,
1662544ffb2246c2a0f008c114eaaabe,cumulative,server,5.273,200,1,
2e6d64b6e9df42339f49e1abe095192c,frequency,server,4.217,200,1,
f462b477b28d428190d45ed94ca4b9b9,top_entities,es,5.042,400,0,
6dcff9364420484bb6785e2c6f83f959,top_entities,es,3.230,400,0,
70d9dea846d84922bb79e223f91eb28b,top_entities,es,3.370,400,0,
e3f01f3b973246c4a439836c964bb514,percentile,es,2.794,200,1,
c551572190f949bc95c81d9f947125fb,cumulative,es,2.871,200,1,
7e08d78a39b64592852bf7d0f8cd7893,frequency,es,2.628,200,1,
319d5f763c0544939b3383abf83061f5,percentile,es,2.976,200,1,
987707a4fb344c46b963c154851444be,cumulative,es,2.187,200,1,
3c3458e52c37446a91e709f06ec6482c,frequency,es,2.042,200,1,
7938ec8fa57043f280acef9734d78fb1,top_entities,server,6.855,200,1,
fc7d2e7e7a0d4d8481cb6239677cd79f,top_entities,server,5.342,200,1,
4e53c3810ab5411989c8f67306f972dd,top_entities,server,5.040,200,1,
6ee883686aa2495e9dc39b28edc39346,percentile,server,5.463,200,1,
944568a84c104c23aadbf1dce2564a42,cumulative,server,5.305,200,1,
e250ff414a2d4b16b6aad9a38e8a43ef,frequency,server,4.354,200,1,
de69603d36e349bf93ab9678f39a0c2d,percentile,server,6.306,200,1,
4c0f0ca122c146c7aee820110fbaf14e,cumulative,server,5.311,200,1,
b95a42b0409e4415ba5939f5f700a05e,frequency,server,4.236,200,1,
69f22c7d81814c0096f510c174b27725,top_entities,es,5.310,400,0,
b46eed3f25ea4a5580b1b252edf35f3f,top_entities,es,3.869,400,0,
b7f81a17e5e14357aea6a8f85816df68,top_entities,es,3.677,400,0,
5b10bc4a2e7b4a57bfbb7603f1dadf7d,percentile,es,3.531,200,1,
64b90e4ed5df47dabb5f97d207653cf7,cumulative,es,3.207,200,1,
c65ad6b03607438fa67fe0e7b03db50d,frequency,es,3.384,200,1,
503ee3a49bdf426c8b585160c559719b,percentile,es,3.381,200,1,
354009e8ddc9489da35ad90f9841c01e,cumulative,es,3.280,200,1,
2e620f28ac0e4ca2ae3b20ca50f853ac,frequency,es,3.360,200,1,
9e4a5855211d44b38d4632c120962dbf,top_entities,server,6.205,200,1,
c12b2ff054eb4c9cb1c214c9c17a370a,top_entities,server,4.985,200,1,
69896d77e0134780952e493ed11843e3,top_entities,server,4.994,200,1,
3b271a5e68ba44159cd6a79241518d9f,percentile,server,5.516,200,1,
20ee01a9cd284441af7153c43aae7aaf,cumulative,server,5.160,200,1,
dc20edd8154c4c02acff1058e193b149,frequency,server,4.281,200,1,
8ebfaa14d8a04433960b741e65583f2a,percentile,server,6.229,200,1,
3e7f07b018874aa6b21b8d7e6acd0ec9,cumulative,server,5.089,200,1,
20e88d70cf2344f5a61dc23fb5924bcf,frequency,server,4.351,200,1,
8ccd799881f94f56a4ebc9f9b27c8c4c,top_entities,es,5.215,400,0,
fc55992a43134e929be5fa17c24c4c1a,top_entities,es,3.876,400,0,
16e977eed5c14230b2463ebb30b10388,top_entities,es,3.740,400,0,
b775c09b630a416a8c0f658a2f3a22db,percentile,es,3.455,200,1,
4e9fe49b718e4886813ed8377dfa33cc,cumulative,es,3.350,200,1,
3254f8d21f1a45e98d6465304e187ef6,frequency,es,3.640,200,1,
178e80844e2a4724b2b4837c752a34c4,percentile,es,3.296,200,1,
5168f5385f9b431d940ce56e1396532a,cumulative,es,3.262,200,1,
9a2ea12e5ea04481896d15b8df001b39,frequency,es,3.245,200,1,
0d26953ed82d4d6eb5ef149159da2ffb,top_entities,server,6.050,200,1,
3488534b040f4e35bd42897a1900a2a8,top_entities,server,5.081,200,1,
5cace06d4b2749ef8aea497b08ff3368,top_entities,server,4.947,200,1,
d51c1b8230b84e5ea2bd92edec512151,percentile,server,5.480,200,1,
8155f855409c432ea6f92cbf8a0da91d,cumulative,server,5.287,200,1,
8059c0931d01470a96c30c8fa6140da9,frequency,server,4.292,200,1,
572e66887e284c17960dd60d16af7ff8,percentile,server,6.275,200,1,
78c72bc2c1314b708361ff47a040ea53,cumulative,server,5.284,200,1,
bd7d63f62b024f8cbfa47a881108d297,frequency,server,4.305,200,1,
7a14e0e6f3de4d12afe9cbce2f9b015d,top_entities,es,4.856,400,0,
1ada46b37a644a159ba4387c02ecc43c,top_entities,es,3.731,400,0,
190b0cca624d48c59a3f4a08a4c4f510,top_entities,es,3.639,400,0,
a1bf9fd83d794434bda479d3064998d4,percentile,es,3.292,200,1,
1d2d3125998b401793327553225d5258,cumulative,es,3.133,200,1,
cfb60870ead14aee9089f802affe1933,frequency,es,3.190,200,1,
cf7e47f4d54e4676bafaad25eaf8a377,percentile,es,3.243,200,1,
75fa98f7c7d24463abf8543e3e338f6d,cumulative,es,3.177,200,1,
80fb33ccf2b847d7869264b50ece6d52,frequency,es,3.134,200,1,
57ca22ff3c0f4f80afdce34b1029e76d,top_entities,server,5.910,200,1,
82ce7e7b35664deaaf1f9aa934e8178c,top_entities,server,4.940,200,1,
5a985bba07c04dcabf213fa604f884a0,top_entities,server,5.078,200,1,
7552a4b227794cada3a99be60e1e18fc,percentile,server,5.535,200,1,
426b2d0ffa7e4c6994cbb95852e7a3ac,cumulative,server,5.094,200,1,
07ce982a5c2d4e849db291b41556f280,frequency,server,4.359,200,1,
e839cd443851420d963bdd436e22e411,percentile,server,6.442,200,1,
9246d2f414eb4d559fea9a226d34dffe,cumulative,server,5.120,200,1,
f2199c42a69540d0b89caa1a0689b1e6,frequency,server,4.217,200,1,
4e3d45185a9e4973ac903c5b7ff48d0d,top_entities,es,21.170,400,0,
ea430f2da0984e8ba7421db3a0670fe0,top_entities,es,5.015,400,0,
e8d71a092c1b46d5b8dceb7964bc4a39,top_entities,es,4.211,400,0,
80f8002127144870839fc3cd47804f03,percentile,es,4.870,200,1,
f8153a97fa194c768c72028e98d69a1e,cumulative,es,3.445,200,1,
29f5278bf3af4e93a35b7843dad7ecfb,frequency,es,3.447,200,1,
40f8c55ca9674033ba389826e7803ed6,percentile,es,3.530,200,1,
401e2295cdfd4cfaa95405c6d345b120,cumulative,es,3.733,200,1,
4f179139efa44190a65e8037ea0f8328,frequency,es,3.488,200,1,
e683749500d74314abb4cd4e13c3b0c4,top_entities,server,10.797,200,1,
37f1a93680d84753ab4654ea6954d679,top_entities,server,5.106,200,1,
a1b24c95c52b4d6696a33bb154837170,top_entities,server,4.956,200,1,
6bbeda422d2848d18510942afc730e8b,percentile,server,5.599,200,1,
da19fdd2977a4ab9874273c7aa3442fd,cumulative,server,5.266,200,1,
d8a68ebcd58849299cfb3e5635286e0c,frequency,server,4.476,200,1,
8b3c1052e6094969aa424f68402dce3f,percentile,server,6.224,200,1,
87e04e0fe1cd43a1afd3ecec9611f8aa,cumulative,server,5.060,200,1,
03737bffbb5a426aa3c3d66eb80ac6c9,frequency,server,4.170,200,1,
a03b9956f9874154b0b0c9fa73e9ea48,top_entities,es,6.535,400,0,
fe41f2bbf6974ee3b7735f13fc2cc45b,top_entities,es,3.776,400,0,
43d19a95b7ec4fe99fef828b34a2aee3,top_entities,es,3.592,400,0,
2dd545916cfe4cb4899068eca6df2e9a,percentile,es,3.605,200,1,
a6cf1081a9324299a30125a7ebafd9c8,cumulative,es,3.169,200,1,
b876ec7ec2384e6b84cca40ddfb7cee4,frequency,es,3.226,200,1,
1814376c13104600b6cfab34e23f4b32,percentile,es,3.244,200,1,
22e5ec87a2d6472db11af7ad3d7ee890,cumulative,es,3.134,200,1,
8da44770bbb648c1844955365a410098,frequency,es,3.153,200,1,
4bc3a60bea7e449296aea51446370754,top_entities,server,5.858,200,1,
2e52ebc1b534411d879b84e57c92963a,top_entities,server,5.015,200,1,
4081e9689a90444fbe01017dcc475b31,top_entities,server,4.991,200,1,
4b90e4a1b32d4b679c72b27a68266bd4,percentile,server,5.424,200,1,
b9aeac43a50c41c2927d21c8290dd5db,cumulative,server,5.255,200,1,
b108e98d82a44c3398200da26141ba29,frequency,server,4.350,200,1,
84ba3d4871964613a2cfaaaa85346ac6,percentile,server,6.424,200,1,
345ecfa5179b4e60b04212bde36cfa7c,cumulative,server,5.044,200,1,
99e1ed4fc38d485196a1954c576c4c3f,frequency,server,4.190,200,1,
c5471cfcb18f4a7b96c6bb41c87ee2f9,top_entities,es,4.870,400,0,
a825b2254328419fad909201f13ca234,top_entities,es,3.675,400,0,
bdd397ee766a4067be40c0809a787a9b,top_entities,es,3.597,400,0,
93966e0ae3904e548e3faa09bd8cf285,percentile,es,3.258,200,1,
8518ae49609b442b807bf8bd43145002,cumulative,es,3.045,200,1,
2835551196384e798b97e472476f75fb,frequency,es,3.154,200,1,
b94d4aa5d5a84f6398800db16ef087b8,percentile,es,3.200,200,1,
60ac7cbcdc0a4f588c668933596b0064,cumulative,es,3.210,200,1,
80158886ed9f4956a8d11fce9c0cb0cf,frequency,es,3.102,200,1,
cd5cb2a98af9439c99455d3bee5a3552,top_entities,server,6.030,200,1,
1b1492266f424e7681b662119ca5c169,top_entities,server,4.991,200,1,
c1b82e36612f4972a032bce28ab2f619,top_entities,server,5.066,200,1,
8423b9bdd5dc4d8bb1141ea57e42dccc,percentile,server,5.503,200,1,
8ed3248dadf04a4abc4585ef746dd07e,cumulative,server,5.043,200,1,
fea6fb673a96452882c793f2d4e5f896,frequency,server,4.256,200,1,
d97f8d3ad9444899b656f9049c43e1d2,percentile,server,6.153,200,1,
ff89205cef3c46eaa379f88cefd6d14f,cumulative,server,5.085,200,1,
90c4a8dd51304a56bc15dbeb6ee123b9,frequency,server,4.125,200,1,
832840c743cc4b9db436e22381dcf51f,top_entities,es,4.839,400,0,
f76a1fdd3995484ab50dd062290652c2,top_entities,es,3.729,400,0,
5f9d7bb863a443ddb772dd882d8b7ab3,top_entities,es,3.639,400,0,
318497b00eca412f9cbced0867fc6952,percentile,es,3.264,200,1,
9cd5e013c3d34cc89a05e83f7b716d58,cumulative,es,3.131,200,1,
9f1fd87679534d5c86f04c03ccf004cb,frequency,es,3.101,200,1,
8a8de2ce3ec14738a8170cfffad3556f,percentile,es,3.227,200,1,
ec1631680eb94219aa6c04338b40c4eb,cumulative,es,3.173,200,1,
89699c7be80941c9904fbe5a2bb2aa79,frequency,es,3.165,200,1,
