variant,transport,epoch,pass,scope,n_subs,wall_ms,took_ms
C_hdr,msearch,4,1,BATCH,30,126.607,1007
C_td,serial,4,1,N001,1,49.388,44
C_td,serial,4,1,N002,1,48.886,44
C_td,serial,4,1,N003,1,47.836,44
C_td,serial,4,1,N004,1,49.216,45
C_td,serial,4,1,N005,1,48.356,44
C_td,serial,4,1,N006,1,48.707,44
C_td,serial,4,1,N007,1,48.204,44
C_td,serial,4,1,N008,1,48.168,44
C_td,serial,4,1,N009,1,48.176,44
C_td,serial,4,1,N010,1,47.681,44
C_td,serial,4,1,N011,1,48.147,44
C_td,serial,4,1,N012,1,48.475,44
C_td,serial,4,1,N013,1,48.154,44
C_td,serial,4,1,N014,1,47.920,44
C_td,serial,4,1,N015,1,48.483,44
C_td,serial,4,1,N016,1,47.759,43
C_td,serial,4,1,N017,1,48.125,44
C_td,serial,4,1,N018,1,48.295,44
C_td,serial,4,1,N019,1,49.303,45
C_td,serial,4,1,N020,1,49.168,45
C_td,serial,4,1,N021,1,48.095,44
C_td,serial,4,1,N022,1,48.783,45
C_td,serial,4,1,N023,1,48.313,44
C_td,serial,4,1,N024,1,48.830,44
C_td,serial,4,1,N025,1,48.442,44
C_td,serial,4,1,N026,1,45.945,42
C_td,serial,4,1,N027,1,45.262,41
C_td,serial,4,1,N028,1,48.173,44
C_td,serial,4,1,N029,1,48.159,44
C_td,serial,4,1,N030,1,48.197,44
D_hdr,serial,5,1,N001,1,30.241,25
D_hdr,serial,5,1,N002,1,29.669,25
D_hdr,serial,5,1,N003,1,30.812,26
D_hdr,serial,5,1,N004,1,28.975,24
D_hdr,serial,5,1,N005,1,28.924,24
D_hdr,serial,5,1,N006,1,29.369,25
D_hdr,serial,5,1,N007,1,29.367,25
D_hdr,serial,5,1,N008,1,29.002,24
D_hdr,serial,5,1,N009,1,32.796,28
D_hdr,serial,5,1,N010,1,27.472,22
D_hdr,serial,5,1,N011,1,29.653,25
D_hdr,serial,5,1,N012,1,26.589,22
D_hdr,serial,5,1,N013,1,28.773,25
D_hdr,serial,5,1,N014,1,27.776,24
D_hdr,serial,5,1,N015,1,30.027,25
D_hdr,serial,5,1,N016,1,27.277,22
D_hdr,serial,5,1,N017,1,28.139,24
D_hdr,serial,5,1,N018,1,30.809,26
D_hdr,serial,5,1,N019,1,28.885,24
D_hdr,serial,5,1,N020,1,29.275,25
D_hdr,serial,5,1,N021,1,28.849,24
D_hdr,serial,5,1,N022,1,29.797,25
D_hdr,serial,5,1,N023,1,29.374,25
D_hdr,serial,5,1,N024,1,29.366,25
D_hdr,serial,5,1,N025,1,28.763,24
D_hdr,serial,5,1,N026,1,28.485,24
D_hdr,serial,5,1,N027,1,27.843,24
D_hdr,serial,5,1,N028,1,26.681,22
D_hdr,serial,5,1,N029,1,28.029,24
D_hdr,serial,5,1,N030,1,28.006,24
B,serial,2,1,N001,1,9.939,6
B,serial,2,1,N002,1,9.724,6
B,serial,2,1,N003,1,9.778,6
B,serial,2,1,N004,1,9.537,6
B,serial,2,1,N005,1,9.854,6
B,serial,2,1,N006,1,9.591,6
B,serial,2,1,N007,1,9.958,6
B,serial,2,1,N008,1,9.679,6
B,serial,2,1,N009,1,10.263,6
B,serial,2,1,N010,1,10.127,6
B,serial,2,1,N011,1,9.985,6
B,serial,2,1,N012,1,10.143,6
B,serial,2,1,N013,1,11.144,6
B,serial,2,1,N014,1,10.098,6
B,serial,2,1,N015,1,10.244,6
B,serial,2,1,N016,1,10.111,6
B,serial,2,1,N017,1,9.958,6
B,serial,2,1,N018,1,9.991,6
B,serial,2,1,N019,1,9.916,6
B,serial,2,1,N020,1,9.978,6
B,serial,2,1,N021,1,10.049,6
B,serial,2,1,N022,1,10.016,6
B,serial,2,1,N023,1,10.124,6
B,serial,2,1,N024,1,9.906,6
B,serial,2,1,N025,1,8.204,4
B,serial,2,1,N026,1,9.875,6
B,serial,2,1,N027,1,9.896,6
B,serial,2,1,N028,1,9.989,6
B,serial,2,1,N029,1,9.929,6
B,serial,2,1,N030,1,9.912,6
B,msearch,2,1,BATCH,30,31.920,210
C_td,serial,1,1,N001,1,35.649,31
C_td,serial,1,1,N002,1,35.109,31
C_td,serial,1,1,N003,1,34.720,30
C_td,serial,1,1,N004,1,35.023,31
C_td,serial,1,1,N005,1,34.770,31
C_td,serial,1,1,N006,1,35.623,31
C_td,serial,1,1,N007,1,35.017,31
C_td,serial,1,1,N008,1,34.871,31
C_td,serial,1,1,N009,1,35.819,32
C_td,serial,1,1,N010,1,34.859,31
C_td,serial,1,1,N011,1,34.595,30
C_td,serial,1,1,N012,1,34.697,31
C_td,serial,1,1,N013,1,34.997,31
C_td,serial,1,1,N014,1,34.682,30
C_td,serial,1,1,N015,1,34.836,31
C_td,serial,1,1,N016,1,35.068,31
C_td,serial,1,1,N017,1,34.854,31
C_td,serial,1,1,N018,1,34.583,30
C_td,serial,1,1,N019,1,34.757,31
C_td,serial,1,1,N020,1,34.955,31
C_td,serial,1,1,N021,1,34.648,30
C_td,serial,1,1,N022,1,34.713,31
C_td,serial,1,1,N023,1,35.521,31
C_td,serial,1,1,N024,1,34.687,30
C_td,serial,1,1,N025,1,34.707,31
C_td,serial,1,1,N026,1,34.420,30
C_td,serial,1,1,N027,1,34.690,31
C_td,serial,1,1,N028,1,34.705,31
C_td,serial,1,1,N029,1,34.668,31
C_td,serial,1,1,N030,1,35.197,31
D_hdr,msearch,1,1,BATCH,30,91.111,706
D_hdr,msearch,4,1,BATCH,30,119.521,945
C_hdr,serial,4,1,N001,1,27.090,22
C_hdr,serial,4,1,N002,1,29.070,24
C_hdr,serial,4,1,N003,1,26.171,22
C_hdr,serial,4,1,N004,1,27.621,23
C_hdr,serial,4,1,N005,1,26.968,22
C_hdr,serial,4,1,N006,1,27.573,23
C_hdr,serial,4,1,N007,1,28.163,23
C_hdr,serial,4,1,N008,1,27.591,23
C_hdr,serial,4,1,N009,1,28.984,24
C_hdr,serial,4,1,N010,1,26.820,22
C_hdr,serial,4,1,N011,1,27.151,23
C_hdr,serial,4,1,N012,1,26.845,22
C_hdr,serial,4,1,N013,1,27.875,23
C_hdr,serial,4,1,N014,1,27.484,23
C_hdr,serial,4,1,N015,1,28.448,24
C_hdr,serial,4,1,N016,1,27.067,23
C_hdr,serial,4,1,N017,1,27.212,23
C_hdr,serial,4,1,N018,1,27.730,23
C_hdr,serial,4,1,N019,1,27.020,23
C_hdr,serial,4,1,N020,1,28.345,24
C_hdr,serial,4,1,N021,1,27.088,22
C_hdr,serial,4,1,N022,1,26.796,22
C_hdr,serial,4,1,N023,1,26.852,22
C_hdr,serial,4,1,N024,1,27.264,23
C_hdr,serial,4,1,N025,1,26.382,22
C_hdr,serial,4,1,N026,1,26.499,22
C_hdr,serial,4,1,N027,1,27.430,23
C_hdr,serial,4,1,N028,1,26.776,22
C_hdr,serial,4,1,N029,1,27.430,23
C_hdr,serial,4,1,N030,1,27.466,23
B,msearch,5,1,BATCH,30,34.279,242
A,msearch,5,1,BATCH,30,9.531,8
C_hdr,msearch,2,1,BATCH,30,82.559,625
C_hdr,serial,2,1,N001,1,22.366,18
C_hdr,serial,2,1,N002,1,22.830,18
C_hdr,serial,2,1,N003,1,18.477,14
C_hdr,serial,2,1,N004,1,23.519,19
C_hdr,serial,2,1,N005,1,22.373,18
C_hdr,serial,2,1,N006,1,22.469,18
C_hdr,serial,2,1,N007,1,23.599,19
C_hdr,serial,2,1,N008,1,22.672,18
C_hdr,serial,2,1,N009,1,22.503,18
C_hdr,serial,2,1,N010,1,22.944,19
C_hdr,serial,2,1,N011,1,22.684,18
C_hdr,serial,2,1,N012,1,23.396,19
C_hdr,serial,2,1,N013,1,26.920,22
C_hdr,serial,2,1,N014,1,23.583,19
C_hdr,serial,2,1,N015,1,23.243,19
C_hdr,serial,2,1,N016,1,23.380,19
C_hdr,serial,2,1,N017,1,23.013,19
C_hdr,serial,2,1,N018,1,22.801,18
C_hdr,serial,2,1,N019,1,22.563,18
C_hdr,serial,2,1,N020,1,22.953,19
C_hdr,serial,2,1,N021,1,23.349,19
C_hdr,serial,2,1,N022,1,22.877,18
C_hdr,serial,2,1,N023,1,23.864,19
C_hdr,serial,2,1,N024,1,22.691,18
C_hdr,serial,2,1,N025,1,23.858,18
C_hdr,serial,2,1,N026,1,22.712,18
C_hdr,serial,2,1,N027,1,22.695,18
C_hdr,serial,2,1,N028,1,23.017,19
C_hdr,serial,2,1,N029,1,22.942,19
C_hdr,serial,2,1,N030,1,23.026,19
D_td,msearch,1,1,BATCH,30,132.862,1120
C_hdr,serial,1,1,N001,1,23.098,18
C_hdr,serial,1,1,N002,1,22.441,18
C_hdr,serial,1,1,N003,1,20.150,16
C_hdr,serial,1,1,N004,1,22.297,18
C_hdr,serial,1,1,N005,1,19.703,15
C_hdr,serial,1,1,N006,1,21.883,18
C_hdr,serial,1,1,N007,1,22.150,18
C_hdr,serial,1,1,N008,1,22.315,18
C_hdr,serial,1,1,N009,1,22.097,18
C_hdr,serial,1,1,N010,1,22.261,18
C_hdr,serial,1,1,N011,1,22.132,18
C_hdr,serial,1,1,N012,1,24.449,20
C_hdr,serial,1,1,N013,1,22.660,18
C_hdr,serial,1,1,N014,1,22.522,18
C_hdr,serial,1,1,N015,1,22.164,18
C_hdr,serial,1,1,N016,1,22.858,18
C_hdr,serial,1,1,N017,1,22.244,18
C_hdr,serial,1,1,N018,1,22.423,18
C_hdr,serial,1,1,N019,1,22.409,18
C_hdr,serial,1,1,N020,1,22.454,18
C_hdr,serial,1,1,N021,1,21.694,17
C_hdr,serial,1,1,N022,1,22.027,17
C_hdr,serial,1,1,N023,1,24.477,20
C_hdr,serial,1,1,N024,1,22.235,18
C_hdr,serial,1,1,N025,1,15.736,11
C_hdr,serial,1,1,N026,1,19.666,15
C_hdr,serial,1,1,N027,1,22.571,18
C_hdr,serial,1,1,N028,1,23.249,19
C_hdr,serial,1,1,N029,1,21.714,17
C_hdr,serial,1,1,N030,1,21.847,18
D_td,msearch,5,1,BATCH,30,155.836,1305
A,serial,4,1,N001,1,5.186,1
A,serial,4,1,N002,1,4.416,1
A,serial,4,1,N003,1,4.618,1
A,serial,4,1,N004,1,4.478,1
A,serial,4,1,N005,1,4.683,1
A,serial,4,1,N006,1,5.267,1
A,serial,4,1,N007,1,4.674,1
A,serial,4,1,N008,1,4.622,1
A,serial,4,1,N009,1,4.580,1
A,serial,4,1,N010,1,4.595,1
A,serial,4,1,N011,1,4.592,1
A,serial,4,1,N012,1,4.594,1
A,serial,4,1,N013,1,4.744,1
A,serial,4,1,N014,1,4.581,1
A,serial,4,1,N015,1,4.528,1
A,serial,4,1,N016,1,4.554,1
A,serial,4,1,N017,1,4.580,1
A,serial,4,1,N018,1,4.613,1
A,serial,4,1,N019,1,4.534,1
A,serial,4,1,N020,1,4.667,1
A,serial,4,1,N021,1,4.597,1
A,serial,4,1,N022,1,4.666,1
A,serial,4,1,N023,1,4.713,1
A,serial,4,1,N024,1,4.628,1
A,serial,4,1,N025,1,4.672,1
A,serial,4,1,N026,1,4.569,1
A,serial,4,1,N027,1,4.629,1
A,serial,4,1,N028,1,4.569,1
A,serial,4,1,N029,1,4.513,1
A,serial,4,1,N030,1,4.562,1
C_td,serial,2,1,N001,1,36.463,32
C_td,serial,2,1,N002,1,37.328,33
C_td,serial,2,1,N003,1,36.476,32
C_td,serial,2,1,N004,1,36.667,33
C_td,serial,2,1,N005,1,36.031,32
C_td,serial,2,1,N006,1,36.286,32
C_td,serial,2,1,N007,1,36.786,33
C_td,serial,2,1,N008,1,37.065,33
C_td,serial,2,1,N009,1,36.581,32
C_td,serial,2,1,N010,1,36.498,32
C_td,serial,2,1,N011,1,36.364,32
C_td,serial,2,1,N012,1,36.261,32
C_td,serial,2,1,N013,1,36.155,32
C_td,serial,2,1,N014,1,36.457,32
C_td,serial,2,1,N015,1,36.142,32
C_td,serial,2,1,N016,1,36.027,32
C_td,serial,2,1,N017,1,36.565,32
C_td,serial,2,1,N018,1,36.316,32
C_td,serial,2,1,N019,1,36.442,32
C_td,serial,2,1,N020,1,37.349,33
C_td,serial,2,1,N021,1,36.185,32
C_td,serial,2,1,N022,1,37.069,33
C_td,serial,2,1,N023,1,36.501,32
C_td,serial,2,1,N024,1,36.065,32
C_td,serial,2,1,N025,1,36.125,32
C_td,serial,2,1,N026,1,36.199,32
C_td,serial,2,1,N027,1,36.534,32
C_td,serial,2,1,N028,1,36.405,32
C_td,serial,2,1,N029,1,36.094,32
C_td,serial,2,1,N030,1,36.338,32
D_hdr,serial,1,1,N001,1,27.454,23
D_hdr,serial,1,1,N002,1,27.014,23
D_hdr,serial,1,1,N003,1,26.064,22
D_hdr,serial,1,1,N004,1,26.733,22
D_hdr,serial,1,1,N005,1,26.134,22
D_hdr,serial,1,1,N006,1,25.641,21
D_hdr,serial,1,1,N007,1,26.010,22
D_hdr,serial,1,1,N008,1,26.910,22
D_hdr,serial,1,1,N009,1,25.789,21
D_hdr,serial,1,1,N010,1,26.692,22
D_hdr,serial,1,1,N011,1,25.840,21
D_hdr,serial,1,1,N012,1,26.421,22
D_hdr,serial,1,1,N013,1,26.110,22
D_hdr,serial,1,1,N014,1,25.506,21
D_hdr,serial,1,1,N015,1,26.254,22
D_hdr,serial,1,1,N016,1,25.940,22
D_hdr,serial,1,1,N017,1,26.160,22
D_hdr,serial,1,1,N018,1,25.568,21
D_hdr,serial,1,1,N019,1,26.163,22
D_hdr,serial,1,1,N020,1,26.093,22
D_hdr,serial,1,1,N021,1,25.215,21
D_hdr,serial,1,1,N022,1,25.612,21
D_hdr,serial,1,1,N023,1,26.068,22
D_hdr,serial,1,1,N024,1,26.201,22
D_hdr,serial,1,1,N025,1,25.823,21
D_hdr,serial,1,1,N026,1,25.828,21
D_hdr,serial,1,1,N027,1,27.514,23
D_hdr,serial,1,1,N028,1,26.545,22
D_hdr,serial,1,1,N029,1,26.077,22
D_hdr,serial,1,1,N030,1,26.326,22
A,serial,5,1,N001,1,4.365,0
A,serial,5,1,N002,1,4.543,1
A,serial,5,1,N003,1,4.524,0
A,serial,5,1,N004,1,4.513,0
A,serial,5,1,N005,1,4.476,0
A,serial,5,1,N006,1,4.497,0
A,serial,5,1,N007,1,4.471,0
A,serial,5,1,N008,1,4.484,1
A,serial,5,1,N009,1,4.420,0
A,serial,5,1,N010,1,4.473,0
A,serial,5,1,N011,1,4.532,0
A,serial,5,1,N012,1,4.493,0
A,serial,5,1,N013,1,4.478,0
A,serial,5,1,N014,1,4.521,0
A,serial,5,1,N015,1,4.449,0
A,serial,5,1,N016,1,4.449,0
A,serial,5,1,N017,1,4.480,1
A,serial,5,1,N018,1,4.451,0
A,serial,5,1,N019,1,4.426,0
A,serial,5,1,N020,1,4.444,0
A,serial,5,1,N021,1,4.500,0
A,serial,5,1,N022,1,4.531,0
A,serial,5,1,N023,1,4.441,0
A,serial,5,1,N024,1,4.470,0
A,serial,5,1,N025,1,4.464,0
A,serial,5,1,N026,1,4.513,0
A,serial,5,1,N027,1,4.446,0
A,serial,5,1,N028,1,4.654,1
A,serial,5,1,N029,1,4.470,0
A,serial,5,1,N030,1,4.428,0
C_td,msearch,5,1,BATCH,30,147.524,1221
B,serial,1,1,N001,1,10.771,6
B,serial,1,1,N002,1,9.684,6
B,serial,1,1,N003,1,9.797,6
B,serial,1,1,N004,1,8.718,5
B,serial,1,1,N005,1,9.350,5
B,serial,1,1,N006,1,9.692,6
B,serial,1,1,N007,1,9.476,5
B,serial,1,1,N008,1,9.518,6
B,serial,1,1,N009,1,9.566,5
B,serial,1,1,N010,1,9.987,6
B,serial,1,1,N011,1,10.317,6
B,serial,1,1,N012,1,10.971,7
B,serial,1,1,N013,1,10.378,6
B,serial,1,1,N014,1,10.483,6
B,serial,1,1,N015,1,10.299,6
B,serial,1,1,N016,1,10.232,6
B,serial,1,1,N017,1,10.222,6
B,serial,1,1,N018,1,10.926,6
B,serial,1,1,N019,1,10.843,6
B,serial,1,1,N020,1,10.498,6
B,serial,1,1,N021,1,10.559,6
B,serial,1,1,N022,1,10.956,6
B,serial,1,1,N023,1,9.867,5
B,serial,1,1,N024,1,9.357,5
B,serial,1,1,N025,1,9.541,6
B,serial,1,1,N026,1,9.312,5
B,serial,1,1,N027,1,9.085,5
B,serial,1,1,N028,1,9.408,5
B,serial,1,1,N029,1,9.398,5
B,serial,1,1,N030,1,9.103,5
D_hdr,msearch,5,1,BATCH,30,100.008,775
C_td,serial,3,1,N001,1,40.574,36
C_td,serial,3,1,N002,1,39.409,35
C_td,serial,3,1,N003,1,39.642,35
C_td,serial,3,1,N004,1,38.883,35
C_td,serial,3,1,N005,1,39.305,35
C_td,serial,3,1,N006,1,40.229,36
C_td,serial,3,1,N007,1,39.303,35
C_td,serial,3,1,N008,1,38.935,35
C_td,serial,3,1,N009,1,39.213,35
C_td,serial,3,1,N010,1,38.864,35
C_td,serial,3,1,N011,1,40.051,36
C_td,serial,3,1,N012,1,39.575,35
C_td,serial,3,1,N013,1,39.288,35
C_td,serial,3,1,N014,1,39.071,35
C_td,serial,3,1,N015,1,39.280,35
C_td,serial,3,1,N016,1,39.580,35
C_td,serial,3,1,N017,1,39.330,35
C_td,serial,3,1,N018,1,39.131,35
C_td,serial,3,1,N019,1,39.068,34
C_td,serial,3,1,N020,1,39.295,35
C_td,serial,3,1,N021,1,39.262,35
C_td,serial,3,1,N022,1,39.137,35
C_td,serial,3,1,N023,1,39.153,35
C_td,serial,3,1,N024,1,39.609,35
C_td,serial,3,1,N025,1,39.242,35
C_td,serial,3,1,N026,1,39.197,35
C_td,serial,3,1,N027,1,38.794,35
C_td,serial,3,1,N028,1,39.312,35
C_td,serial,3,1,N029,1,39.283,35
C_td,serial,3,1,N030,1,47.214,43
D_td,serial,2,1,N001,1,41.920,38
D_td,serial,2,1,N002,1,41.007,37
D_td,serial,2,1,N003,1,40.351,36
D_td,serial,2,1,N004,1,40.797,37
D_td,serial,2,1,N005,1,41.575,37
D_td,serial,2,1,N006,1,40.087,35
D_td,serial,2,1,N007,1,28.323,24
D_td,serial,2,1,N008,1,27.608,24
D_td,serial,2,1,N009,1,27.852,24
D_td,serial,2,1,N010,1,40.332,36
D_td,serial,2,1,N011,1,40.029,36
D_td,serial,2,1,N012,1,40.255,36
D_td,serial,2,1,N013,1,40.143,36
D_td,serial,2,1,N014,1,40.600,37
D_td,serial,2,1,N015,1,40.741,37
D_td,serial,2,1,N016,1,40.047,36
D_td,serial,2,1,N017,1,40.477,36
D_td,serial,2,1,N018,1,40.102,36
D_td,serial,2,1,N019,1,40.217,36
D_td,serial,2,1,N020,1,40.827,37
D_td,serial,2,1,N021,1,40.218,36
D_td,serial,2,1,N022,1,40.893,37
D_td,serial,2,1,N023,1,40.758,37
D_td,serial,2,1,N024,1,40.143,36
D_td,serial,2,1,N025,1,40.450,36
D_td,serial,2,1,N026,1,40.603,36
D_td,serial,2,1,N027,1,41.273,36
D_td,serial,2,1,N028,1,40.722,37
D_td,serial,2,1,N029,1,40.151,36
D_td,serial,2,1,N030,1,40.685,36
C_td,serial,5,1,N001,1,42.306,38
C_td,serial,5,1,N002,1,42.045,38
C_td,serial,5,1,N003,1,42.044,38
C_td,serial,5,1,N004,1,42.439,38
C_td,serial,5,1,N005,1,44.989,41
C_td,serial,5,1,N006,1,42.089,38
C_td,serial,5,1,N007,1,42.246,38
C_td,serial,5,1,N008,1,43.269,39
C_td,serial,5,1,N009,1,42.300,38
C_td,serial,5,1,N010,1,41.966,38
C_td,serial,5,1,N011,1,41.922,38
C_td,serial,5,1,N012,1,41.974,38
C_td,serial,5,1,N013,1,41.959,38
C_td,serial,5,1,N014,1,40.823,37
C_td,serial,5,1,N015,1,42.026,38
C_td,serial,5,1,N016,1,42.489,38
C_td,serial,5,1,N017,1,42.169,38
C_td,serial,5,1,N018,1,41.768,38
C_td,serial,5,1,N019,1,41.790,38
C_td,serial,5,1,N020,1,43.205,39
C_td,serial,5,1,N021,1,42.049,38
C_td,serial,5,1,N022,1,41.770,38
C_td,serial,5,1,N023,1,48.376,44
C_td,serial,5,1,N024,1,42.274,38
C_td,serial,5,1,N025,1,42.030,38
C_td,serial,5,1,N026,1,41.931,38
C_td,serial,5,1,N027,1,41.787,38
C_td,serial,5,1,N028,1,41.748,38
C_td,serial,5,1,N029,1,41.903,38
C_td,serial,5,1,N030,1,39.293,35
A,serial,1,1,N001,1,4.860,1
A,serial,1,1,N002,1,4.987,1
A,serial,1,1,N003,1,4.837,1
A,serial,1,1,N004,1,4.969,1
A,serial,1,1,N005,1,4.880,1
A,serial,1,1,N006,1,4.785,1
A,serial,1,1,N007,1,4.918,1
A,serial,1,1,N008,1,4.915,1
A,serial,1,1,N009,1,4.866,1
A,serial,1,1,N010,1,4.826,1
A,serial,1,1,N011,1,4.877,1
A,serial,1,1,N012,1,4.868,1
A,serial,1,1,N013,1,4.953,1
A,serial,1,1,N014,1,5.819,2
A,serial,1,1,N015,1,4.954,1
A,serial,1,1,N016,1,4.904,1
A,serial,1,1,N017,1,4.847,1
A,serial,1,1,N018,1,4.916,1
A,serial,1,1,N019,1,4.943,1
A,serial,1,1,N020,1,4.795,1
A,serial,1,1,N021,1,4.955,1
A,serial,1,1,N022,1,4.952,1
A,serial,1,1,N023,1,4.851,1
A,serial,1,1,N024,1,4.781,1
A,serial,1,1,N025,1,4.893,1
A,serial,1,1,N026,1,4.916,1
A,serial,1,1,N027,1,5.101,1
A,serial,1,1,N028,1,4.845,1
A,serial,1,1,N029,1,4.854,1
A,serial,1,1,N030,1,4.891,1
D_td,serial,5,1,N001,1,47.335,43
D_td,serial,5,1,N002,1,46.914,43
D_td,serial,5,1,N003,1,46.577,42
D_td,serial,5,1,N004,1,46.987,43
D_td,serial,5,1,N005,1,47.106,43
D_td,serial,5,1,N006,1,46.458,42
D_td,serial,5,1,N007,1,46.849,43
D_td,serial,5,1,N008,1,47.426,43
D_td,serial,5,1,N009,1,47.990,44
D_td,serial,5,1,N010,1,46.794,43
D_td,serial,5,1,N011,1,46.974,43
D_td,serial,5,1,N012,1,46.677,42
D_td,serial,5,1,N013,1,47.052,43
D_td,serial,5,1,N014,1,47.523,43
D_td,serial,5,1,N015,1,47.211,43
D_td,serial,5,1,N016,1,47.055,43
D_td,serial,5,1,N017,1,47.105,43
D_td,serial,5,1,N018,1,46.681,42
D_td,serial,5,1,N019,1,46.982,43
D_td,serial,5,1,N020,1,48.094,44
D_td,serial,5,1,N021,1,43.423,39
D_td,serial,5,1,N022,1,46.205,42
D_td,serial,5,1,N023,1,46.289,42
D_td,serial,5,1,N024,1,40.942,37
D_td,serial,5,1,N025,1,46.685,43
D_td,serial,5,1,N026,1,46.459,43
D_td,serial,5,1,N027,1,46.606,43
D_td,serial,5,1,N028,1,45.729,42
D_td,serial,5,1,N029,1,46.599,43
D_td,serial,5,1,N030,1,45.546,42
C_td,msearch,1,1,BATCH,30,117.442,987
D_hdr,serial,3,1,N001,1,29.047,24
D_hdr,serial,3,1,N002,1,25.546,21
D_hdr,serial,3,1,N003,1,29.465,25
D_hdr,serial,3,1,N004,1,27.685,23
D_hdr,serial,3,1,N005,1,27.975,24
D_hdr,serial,3,1,N006,1,27.854,23
D_hdr,serial,3,1,N007,1,28.200,24
D_hdr,serial,3,1,N008,1,27.383,23
D_hdr,serial,3,1,N009,1,28.171,24
D_hdr,serial,3,1,N010,1,27.804,23
D_hdr,serial,3,1,N011,1,27.859,23
D_hdr,serial,3,1,N012,1,28.013,23
D_hdr,serial,3,1,N013,1,27.867,23
D_hdr,serial,3,1,N014,1,28.161,24
D_hdr,serial,3,1,N015,1,28.971,24
D_hdr,serial,3,1,N016,1,27.347,23
D_hdr,serial,3,1,N017,1,28.061,23
D_hdr,serial,3,1,N018,1,27.908,23
D_hdr,serial,3,1,N019,1,29.547,25
D_hdr,serial,3,1,N020,1,27.804,23
D_hdr,serial,3,1,N021,1,26.258,21
D_hdr,serial,3,1,N022,1,36.187,31
D_hdr,serial,3,1,N023,1,26.330,21
D_hdr,serial,3,1,N024,1,28.506,24
D_hdr,serial,3,1,N025,1,28.256,23
D_hdr,serial,3,1,N026,1,31.548,27
D_hdr,serial,3,1,N027,1,20.996,17
D_hdr,serial,3,1,N028,1,26.098,22
D_hdr,serial,3,1,N029,1,27.616,23
D_hdr,serial,3,1,N030,1,21.512,17
B,msearch,4,1,BATCH,30,42.679,292
C_td,msearch,4,1,BATCH,30,161.633,1397
C_hdr,msearch,5,1,BATCH,30,88.074,673
C_td,msearch,2,1,BATCH,30,132.314,1101
D_td,msearch,4,1,BATCH,30,173.301,1438
B,serial,3,1,N001,1,11.667,7
B,serial,3,1,N002,1,10.931,7
B,serial,3,1,N003,1,10.683,7
B,serial,3,1,N004,1,10.678,7
B,serial,3,1,N005,1,10.602,7
B,serial,3,1,N006,1,10.583,7
B,serial,3,1,N007,1,10.611,7
B,serial,3,1,N008,1,10.546,7
B,serial,3,1,N009,1,10.592,7
B,serial,3,1,N010,1,10.279,7
B,serial,3,1,N011,1,10.765,7
B,serial,3,1,N012,1,10.572,7
B,serial,3,1,N013,1,10.626,7
B,serial,3,1,N014,1,10.516,7
B,serial,3,1,N015,1,10.601,7
B,serial,3,1,N016,1,10.827,7
B,serial,3,1,N017,1,10.429,7
B,serial,3,1,N018,1,7.500,4
B,serial,3,1,N019,1,10.519,7
B,serial,3,1,N020,1,10.694,7
B,serial,3,1,N021,1,10.529,6
B,serial,3,1,N022,1,10.409,7
B,serial,3,1,N023,1,10.751,7
B,serial,3,1,N024,1,10.393,7
B,serial,3,1,N025,1,10.765,7
B,serial,3,1,N026,1,10.541,7
B,serial,3,1,N027,1,11.537,7
B,serial,3,1,N028,1,10.900,6
B,serial,3,1,N029,1,10.638,7
B,serial,3,1,N030,1,10.622,7
C_hdr,msearch,1,1,BATCH,30,80.653,597
D_td,serial,3,1,N001,1,45.246,40
D_td,serial,3,1,N002,1,45.370,41
D_td,serial,3,1,N003,1,43.976,40
D_td,serial,3,1,N004,1,43.924,40
D_td,serial,3,1,N005,1,43.604,39
D_td,serial,3,1,N006,1,43.692,39
D_td,serial,3,1,N007,1,43.520,39
D_td,serial,3,1,N008,1,43.720,39
D_td,serial,3,1,N009,1,43.668,39
D_td,serial,3,1,N010,1,43.846,40
D_td,serial,3,1,N011,1,43.477,39
D_td,serial,3,1,N012,1,43.786,40
D_td,serial,3,1,N013,1,44.708,40
D_td,serial,3,1,N014,1,43.666,39
D_td,serial,3,1,N015,1,43.816,40
D_td,serial,3,1,N016,1,43.484,39
D_td,serial,3,1,N017,1,43.203,39
D_td,serial,3,1,N018,1,43.751,39
D_td,serial,3,1,N019,1,43.692,40
D_td,serial,3,1,N020,1,42.476,38
D_td,serial,3,1,N021,1,43.786,40
D_td,serial,3,1,N022,1,43.260,39
D_td,serial,3,1,N023,1,43.534,40
D_td,serial,3,1,N024,1,44.379,39
D_td,serial,3,1,N025,1,43.976,40
D_td,serial,3,1,N026,1,43.666,39
D_td,serial,3,1,N027,1,43.551,39
D_td,serial,3,1,N028,1,43.907,40
D_td,serial,3,1,N029,1,43.129,39
D_td,serial,3,1,N030,1,43.936,40
C_hdr,serial,3,1,N001,1,25.904,22
C_hdr,serial,3,1,N002,1,23.468,19
C_hdr,serial,3,1,N003,1,23.516,19
C_hdr,serial,3,1,N004,1,24.027,20
C_hdr,serial,3,1,N005,1,24.708,20
C_hdr,serial,3,1,N006,1,24.720,19
C_hdr,serial,3,1,N007,1,24.620,20
C_hdr,serial,3,1,N008,1,23.977,19
C_hdr,serial,3,1,N009,1,24.349,20
C_hdr,serial,3,1,N010,1,24.915,20
C_hdr,serial,3,1,N011,1,24.426,20
C_hdr,serial,3,1,N012,1,23.655,19
C_hdr,serial,3,1,N013,1,24.014,19
C_hdr,serial,3,1,N014,1,23.939,19
C_hdr,serial,3,1,N015,1,25.280,21
C_hdr,serial,3,1,N016,1,27.526,23
C_hdr,serial,3,1,N017,1,24.279,20
C_hdr,serial,3,1,N018,1,24.024,20
C_hdr,serial,3,1,N019,1,27.188,23
C_hdr,serial,3,1,N020,1,23.885,19
C_hdr,serial,3,1,N021,1,24.395,20
C_hdr,serial,3,1,N022,1,24.425,20
C_hdr,serial,3,1,N023,1,24.145,20
C_hdr,serial,3,1,N024,1,24.180,20
C_hdr,serial,3,1,N025,1,23.966,20
C_hdr,serial,3,1,N026,1,23.000,19
C_hdr,serial,3,1,N027,1,24.707,20
C_hdr,serial,3,1,N028,1,24.106,20
C_hdr,serial,3,1,N029,1,23.897,19
C_hdr,serial,3,1,N030,1,23.290,19
D_hdr,serial,4,1,N001,1,31.388,27
D_hdr,serial,4,1,N002,1,31.513,27
D_hdr,serial,4,1,N003,1,31.475,27
D_hdr,serial,4,1,N004,1,31.592,27
D_hdr,serial,4,1,N005,1,30.938,26
D_hdr,serial,4,1,N006,1,31.980,27
D_hdr,serial,4,1,N007,1,31.675,27
D_hdr,serial,4,1,N008,1,32.052,27
D_hdr,serial,4,1,N009,1,31.185,27
D_hdr,serial,4,1,N010,1,30.412,26
D_hdr,serial,4,1,N011,1,31.961,27
D_hdr,serial,4,1,N012,1,31.673,27
D_hdr,serial,4,1,N013,1,31.548,27
D_hdr,serial,4,1,N014,1,31.958,27
D_hdr,serial,4,1,N015,1,32.114,27
D_hdr,serial,4,1,N016,1,33.187,28
D_hdr,serial,4,1,N017,1,33.760,29
D_hdr,serial,4,1,N018,1,31.757,27
D_hdr,serial,4,1,N019,1,31.419,27
D_hdr,serial,4,1,N020,1,31.337,27
D_hdr,serial,4,1,N021,1,32.131,28
D_hdr,serial,4,1,N022,1,32.211,27
D_hdr,serial,4,1,N023,1,32.668,27
D_hdr,serial,4,1,N024,1,31.958,27
D_hdr,serial,4,1,N025,1,32.239,27
D_hdr,serial,4,1,N026,1,32.254,28
D_hdr,serial,4,1,N027,1,32.093,28
D_hdr,serial,4,1,N028,1,32.678,28
D_hdr,serial,4,1,N029,1,31.483,27
D_hdr,serial,4,1,N030,1,31.072,27
B,serial,4,1,N001,1,12.034,8
B,serial,4,1,N002,1,12.188,8
B,serial,4,1,N003,1,12.241,8
B,serial,4,1,N004,1,13.272,9
B,serial,4,1,N005,1,12.113,8
B,serial,4,1,N006,1,12.214,8
B,serial,4,1,N007,1,13.133,8
B,serial,4,1,N008,1,12.233,8
B,serial,4,1,N009,1,12.415,8
B,serial,4,1,N010,1,12.190,8
B,serial,4,1,N011,1,12.484,8
B,serial,4,1,N012,1,13.302,8
B,serial,4,1,N013,1,12.363,8
B,serial,4,1,N014,1,13.106,9
B,serial,4,1,N015,1,12.067,8
B,serial,4,1,N016,1,10.161,7
B,serial,4,1,N017,1,8.512,5
B,serial,4,1,N018,1,11.833,8
B,serial,4,1,N019,1,8.442,5
B,serial,4,1,N020,1,12.012,8
B,serial,4,1,N021,1,16.417,13
B,serial,4,1,N022,1,12.163,8
B,serial,4,1,N023,1,12.582,9
B,serial,4,1,N024,1,12.519,9
B,serial,4,1,N025,1,12.357,8
B,serial,4,1,N026,1,12.492,8
B,serial,4,1,N027,1,8.422,5
B,serial,4,1,N028,1,11.387,8
B,serial,4,1,N029,1,7.692,4
B,serial,4,1,N030,1,12.103,8
D_td,msearch,2,1,BATCH,30,134.792,1182
D_hdr,msearch,3,1,BATCH,30,97.332,773
A,serial,3,1,N001,1,5.419,1
A,serial,3,1,N002,1,4.762,1
A,serial,3,1,N003,1,4.777,1
A,serial,3,1,N004,1,4.815,1
A,serial,3,1,N005,1,4.800,1
A,serial,3,1,N006,1,4.723,1
A,serial,3,1,N007,1,4.715,1
A,serial,3,1,N008,1,4.782,1
A,serial,3,1,N009,1,4.765,1
A,serial,3,1,N010,1,4.613,1
A,serial,3,1,N011,1,4.767,1
A,serial,3,1,N012,1,4.799,1
A,serial,3,1,N013,1,4.766,1
A,serial,3,1,N014,1,4.722,1
A,serial,3,1,N015,1,4.673,1
A,serial,3,1,N016,1,4.695,1
A,serial,3,1,N017,1,4.754,1
A,serial,3,1,N018,1,4.809,1
A,serial,3,1,N019,1,4.724,1
A,serial,3,1,N020,1,4.504,1
A,serial,3,1,N021,1,4.800,1
A,serial,3,1,N022,1,4.639,1
A,serial,3,1,N023,1,4.753,1
A,serial,3,1,N024,1,4.862,1
A,serial,3,1,N025,1,4.692,1
A,serial,3,1,N026,1,4.688,1
A,serial,3,1,N027,1,4.767,1
A,serial,3,1,N028,1,4.867,1
A,serial,3,1,N029,1,4.710,1
A,serial,3,1,N030,1,4.704,1
C_td,msearch,3,1,BATCH,30,141.255,1150
C_hdr,msearch,3,1,BATCH,30,79.012,595
A,msearch,1,1,BATCH,30,10.332,28
C_hdr,serial,5,1,N001,1,24.685,21
C_hdr,serial,5,1,N002,1,24.124,20
C_hdr,serial,5,1,N003,1,25.085,21
C_hdr,serial,5,1,N004,1,24.814,20
C_hdr,serial,5,1,N005,1,24.867,20
C_hdr,serial,5,1,N006,1,24.351,20
C_hdr,serial,5,1,N007,1,24.357,20
C_hdr,serial,5,1,N008,1,24.370,20
C_hdr,serial,5,1,N009,1,25.300,21
C_hdr,serial,5,1,N010,1,24.922,20
C_hdr,serial,5,1,N011,1,24.159,20
C_hdr,serial,5,1,N012,1,24.470,20
C_hdr,serial,5,1,N013,1,25.096,21
C_hdr,serial,5,1,N014,1,24.514,20
C_hdr,serial,5,1,N015,1,25.325,21
C_hdr,serial,5,1,N016,1,24.164,20
C_hdr,serial,5,1,N017,1,23.888,20
C_hdr,serial,5,1,N018,1,24.599,20
C_hdr,serial,5,1,N019,1,24.624,20
C_hdr,serial,5,1,N020,1,25.547,21
C_hdr,serial,5,1,N021,1,24.939,20
C_hdr,serial,5,1,N022,1,30.596,26
C_hdr,serial,5,1,N023,1,29.381,25
C_hdr,serial,5,1,N024,1,26.540,22
C_hdr,serial,5,1,N025,1,24.921,20
C_hdr,serial,5,1,N026,1,25.171,21
C_hdr,serial,5,1,N027,1,24.611,20
C_hdr,serial,5,1,N028,1,25.108,21
C_hdr,serial,5,1,N029,1,25.340,21
C_hdr,serial,5,1,N030,1,24.781,20
D_hdr,serial,2,1,N001,1,27.886,24
D_hdr,serial,2,1,N002,1,26.530,22
D_hdr,serial,2,1,N003,1,31.360,27
D_hdr,serial,2,1,N004,1,29.157,25
D_hdr,serial,2,1,N005,1,29.364,25
D_hdr,serial,2,1,N006,1,31.100,27
D_hdr,serial,2,1,N007,1,29.397,25
D_hdr,serial,2,1,N008,1,29.534,25
D_hdr,serial,2,1,N009,1,27.391,23
D_hdr,serial,2,1,N010,1,29.485,25
D_hdr,serial,2,1,N011,1,29.008,25
D_hdr,serial,2,1,N012,1,29.519,25
D_hdr,serial,2,1,N013,1,29.397,25
D_hdr,serial,2,1,N014,1,26.646,22
D_hdr,serial,2,1,N015,1,29.296,25
D_hdr,serial,2,1,N016,1,28.314,24
D_hdr,serial,2,1,N017,1,31.341,27
D_hdr,serial,2,1,N018,1,30.226,26
D_hdr,serial,2,1,N019,1,29.259,25
D_hdr,serial,2,1,N020,1,30.107,26
D_hdr,serial,2,1,N021,1,31.624,27
D_hdr,serial,2,1,N022,1,33.014,29
D_hdr,serial,2,1,N023,1,29.652,25
D_hdr,serial,2,1,N024,1,29.600,25
D_hdr,serial,2,1,N025,1,30.411,26
D_hdr,serial,2,1,N026,1,28.679,24
D_hdr,serial,2,1,N027,1,29.640,25
D_hdr,serial,2,1,N028,1,29.821,25
D_hdr,serial,2,1,N029,1,30.325,26
D_hdr,serial,2,1,N030,1,29.975,26
D_td,serial,4,1,N001,1,54.039,50
D_td,serial,4,1,N002,1,53.616,49
D_td,serial,4,1,N003,1,54.340,50
D_td,serial,4,1,N004,1,53.978,50
D_td,serial,4,1,N005,1,54.230,50
D_td,serial,4,1,N006,1,54.934,51
D_td,serial,4,1,N007,1,54.027,50
D_td,serial,4,1,N008,1,49.522,45
D_td,serial,4,1,N009,1,47.093,43
D_td,serial,4,1,N010,1,54.158,50
D_td,serial,4,1,N011,1,54.255,50
D_td,serial,4,1,N012,1,47.631,43
D_td,serial,4,1,N013,1,48.392,44
D_td,serial,4,1,N014,1,47.497,43
D_td,serial,4,1,N015,1,47.084,43
D_td,serial,4,1,N016,1,53.941,50
D_td,serial,4,1,N017,1,48.333,44
D_td,serial,4,1,N018,1,55.501,51
D_td,serial,4,1,N019,1,49.539,45
D_td,serial,4,1,N020,1,45.457,41
D_td,serial,4,1,N021,1,54.353,50
D_td,serial,4,1,N022,1,53.961,50
D_td,serial,4,1,N023,1,48.649,44
D_td,serial,4,1,N024,1,54.743,51
D_td,serial,4,1,N025,1,54.097,50
D_td,serial,4,1,N026,1,54.329,50
D_td,serial,4,1,N027,1,54.131,50
D_td,serial,4,1,N028,1,54.890,51
D_td,serial,4,1,N029,1,47.333,43
D_td,serial,4,1,N030,1,72.371,68
A,msearch,2,1,BATCH,30,19.613,114
D_hdr,msearch,2,1,BATCH,30,96.226,752
A,msearch,4,1,BATCH,30,10.632,29
B,serial,5,1,N001,1,11.853,8
B,serial,5,1,N002,1,11.220,7
B,serial,5,1,N003,1,10.754,7
B,serial,5,1,N004,1,10.881,7
B,serial,5,1,N005,1,11.085,7
B,serial,5,1,N006,1,11.186,7
B,serial,5,1,N007,1,10.911,7
B,serial,5,1,N008,1,11.454,7
B,serial,5,1,N009,1,10.773,7
B,serial,5,1,N010,1,11.042,7
B,serial,5,1,N011,1,10.682,7
B,serial,5,1,N012,1,10.944,7
B,serial,5,1,N013,1,10.730,7
B,serial,5,1,N014,1,10.771,7
B,serial,5,1,N015,1,10.770,7
B,serial,5,1,N016,1,10.850,7
B,serial,5,1,N017,1,11.277,7
B,serial,5,1,N018,1,11.046,7
B,serial,5,1,N019,1,11.924,8
B,serial,5,1,N020,1,11.353,7
B,serial,5,1,N021,1,11.177,7
B,serial,5,1,N022,1,11.154,7
B,serial,5,1,N023,1,10.718,7
B,serial,5,1,N024,1,11.188,7
B,serial,5,1,N025,1,10.963,7
B,serial,5,1,N026,1,11.576,7
B,serial,5,1,N027,1,11.583,7
B,serial,5,1,N028,1,11.572,7
B,serial,5,1,N029,1,13.449,8
B,serial,5,1,N030,1,11.659,7
B,msearch,1,1,BATCH,30,29.610,200
B,msearch,3,1,BATCH,30,27.686,153
D_td,msearch,3,1,BATCH,30,143.379,1166
A,serial,2,1,N001,1,3.907,0
A,serial,2,1,N002,1,3.939,0
A,serial,2,1,N003,1,4.129,0
A,serial,2,1,N004,1,3.471,0
A,serial,2,1,N005,1,3.416,1
A,serial,2,1,N006,1,3.491,0
A,serial,2,1,N007,1,3.427,0
A,serial,2,1,N008,1,3.901,0
A,serial,2,1,N009,1,4.412,0
A,serial,2,1,N010,1,4.357,0
A,serial,2,1,N011,1,4.043,0
A,serial,2,1,N012,1,4.414,0
A,serial,2,1,N013,1,4.421,1
A,serial,2,1,N014,1,4.339,0
A,serial,2,1,N015,1,4.460,0
A,serial,2,1,N016,1,4.525,0
A,serial,2,1,N017,1,4.480,1
A,serial,2,1,N018,1,4.407,0
A,serial,2,1,N019,1,4.376,1
A,serial,2,1,N020,1,4.506,1
A,serial,2,1,N021,1,4.376,0
A,serial,2,1,N022,1,3.226,0
A,serial,2,1,N023,1,3.479,0
A,serial,2,1,N024,1,3.944,0
A,serial,2,1,N025,1,3.791,0
A,serial,2,1,N026,1,4.122,0
A,serial,2,1,N027,1,4.360,0
A,serial,2,1,N028,1,4.431,0
A,serial,2,1,N029,1,4.456,0
A,serial,2,1,N030,1,4.389,0
A,msearch,3,1,BATCH,30,9.791,30
D_td,serial,1,1,N001,1,40.402,36
D_td,serial,1,1,N002,1,39.597,35
D_td,serial,1,1,N003,1,39.004,35
D_td,serial,1,1,N004,1,39.175,35
D_td,serial,1,1,N005,1,48.911,45
D_td,serial,1,1,N006,1,38.999,35
D_td,serial,1,1,N007,1,39.229,35
D_td,serial,1,1,N008,1,39.129,35
D_td,serial,1,1,N009,1,38.908,35
D_td,serial,1,1,N010,1,39.208,35
D_td,serial,1,1,N011,1,39.147,35
D_td,serial,1,1,N012,1,39.154,35
D_td,serial,1,1,N013,1,38.955,35
D_td,serial,1,1,N014,1,39.966,36
D_td,serial,1,1,N015,1,38.988,35
D_td,serial,1,1,N016,1,39.047,35
D_td,serial,1,1,N017,1,39.097,35
D_td,serial,1,1,N018,1,39.210,35
D_td,serial,1,1,N019,1,38.914,35
D_td,serial,1,1,N020,1,38.938,35
D_td,serial,1,1,N021,1,38.996,35
D_td,serial,1,1,N022,1,39.174,35
D_td,serial,1,1,N023,1,38.681,35
D_td,serial,1,1,N024,1,38.806,35
D_td,serial,1,1,N025,1,38.864,35
D_td,serial,1,1,N026,1,40.111,36
D_td,serial,1,1,N027,1,39.178,35
D_td,serial,1,1,N028,1,39.165,35
D_td,serial,1,1,N029,1,38.967,35
D_td,serial,1,1,N030,1,39.064,35
C_hdr,serial,4,2,N001,1,27.738,23
C_hdr,serial,4,2,N002,1,26.658,22
C_hdr,serial,4,2,N003,1,27.415,23
C_hdr,serial,4,2,N004,1,27.359,23
C_hdr,serial,4,2,N005,1,26.952,22
C_hdr,serial,4,2,N006,1,26.502,22
C_hdr,serial,4,2,N007,1,28.037,23
C_hdr,serial,4,2,N008,1,27.870,23
C_hdr,serial,4,2,N009,1,26.309,22
C_hdr,serial,4,2,N010,1,26.211,22
C_hdr,serial,4,2,N011,1,26.749,22
C_hdr,serial,4,2,N012,1,28.907,24
C_hdr,serial,4,2,N013,1,27.556,23
C_hdr,serial,4,2,N014,1,27.285,23
C_hdr,serial,4,2,N015,1,26.984,23
C_hdr,serial,4,2,N016,1,25.774,22
C_hdr,serial,4,2,N017,1,26.488,22
C_hdr,serial,4,2,N018,1,25.990,22
C_hdr,serial,4,2,N019,1,26.210,22
C_hdr,serial,4,2,N020,1,25.741,22
C_hdr,serial,4,2,N021,1,26.824,23
C_hdr,serial,4,2,N022,1,27.006,23
C_hdr,serial,4,2,N023,1,26.430,22
C_hdr,serial,4,2,N024,1,25.682,22
C_hdr,serial,4,2,N025,1,26.551,22
C_hdr,serial,4,2,N026,1,26.354,22
C_hdr,serial,4,2,N027,1,26.667,22
C_hdr,serial,4,2,N028,1,27.274,23
C_hdr,serial,4,2,N029,1,26.196,22
C_hdr,serial,4,2,N030,1,26.861,22
C_hdr,serial,2,2,N001,1,23.038,19
C_hdr,serial,2,2,N002,1,20.745,16
C_hdr,serial,2,2,N003,1,23.154,19
C_hdr,serial,2,2,N004,1,22.882,19
C_hdr,serial,2,2,N005,1,19.868,15
C_hdr,serial,2,2,N006,1,22.993,18
C_hdr,serial,2,2,N007,1,22.888,19
C_hdr,serial,2,2,N008,1,22.655,18
C_hdr,serial,2,2,N009,1,22.417,18
C_hdr,serial,2,2,N010,1,22.908,18
C_hdr,serial,2,2,N011,1,22.855,18
C_hdr,serial,2,2,N012,1,21.259,17
C_hdr,serial,2,2,N013,1,20.511,16
C_hdr,serial,2,2,N014,1,22.365,18
C_hdr,serial,2,2,N015,1,23.406,19
C_hdr,serial,2,2,N016,1,22.692,18
C_hdr,serial,2,2,N017,1,23.379,19
C_hdr,serial,2,2,N018,1,22.452,18
C_hdr,serial,2,2,N019,1,23.171,19
C_hdr,serial,2,2,N020,1,19.920,16
C_hdr,serial,2,2,N021,1,22.810,19
C_hdr,serial,2,2,N022,1,23.236,19
C_hdr,serial,2,2,N023,1,22.700,18
C_hdr,serial,2,2,N024,1,23.685,19
C_hdr,serial,2,2,N025,1,22.700,18
C_hdr,serial,2,2,N026,1,22.330,18
C_hdr,serial,2,2,N027,1,22.537,18
C_hdr,serial,2,2,N028,1,23.327,19
C_hdr,serial,2,2,N029,1,22.378,18
C_hdr,serial,2,2,N030,1,22.774,18
A,serial,1,2,N001,1,4.639,1
A,serial,1,2,N002,1,4.848,1
A,serial,1,2,N003,1,4.872,1
A,serial,1,2,N004,1,4.855,1
A,serial,1,2,N005,1,4.837,1
A,serial,1,2,N006,1,4.714,1
A,serial,1,2,N007,1,4.781,1
A,serial,1,2,N008,1,4.733,1
A,serial,1,2,N009,1,4.794,1
A,serial,1,2,N010,1,4.796,1
A,serial,1,2,N011,1,4.884,1
A,serial,1,2,N012,1,4.823,1
A,serial,1,2,N013,1,4.922,1
A,serial,1,2,N014,1,4.834,1
A,serial,1,2,N015,1,4.701,1
A,serial,1,2,N016,1,4.834,1
A,serial,1,2,N017,1,4.756,1
A,serial,1,2,N018,1,4.768,1
A,serial,1,2,N019,1,4.763,1
A,serial,1,2,N020,1,4.729,1
A,serial,1,2,N021,1,4.759,1
A,serial,1,2,N022,1,4.824,1
A,serial,1,2,N023,1,4.779,1
A,serial,1,2,N024,1,4.924,1
A,serial,1,2,N025,1,4.707,1
A,serial,1,2,N026,1,4.788,1
A,serial,1,2,N027,1,4.760,1
A,serial,1,2,N028,1,4.810,1
A,serial,1,2,N029,1,4.791,1
A,serial,1,2,N030,1,4.834,1
D_td,msearch,5,2,BATCH,30,161.927,1420
D_hdr,msearch,4,2,BATCH,30,115.579,886
B,msearch,2,2,BATCH,30,32.936,213
D_td,msearch,4,2,BATCH,30,171.687,1413
D_td,serial,4,2,N001,1,53.139,49
D_td,serial,4,2,N002,1,42.108,38
D_td,serial,4,2,N003,1,52.829,49
D_td,serial,4,2,N004,1,44.017,40
D_td,serial,4,2,N005,1,49.599,46
D_td,serial,4,2,N006,1,53.435,49
D_td,serial,4,2,N007,1,53.450,49
D_td,serial,4,2,N008,1,53.441,49
D_td,serial,4,2,N009,1,53.726,49
D_td,serial,4,2,N010,1,53.300,49
D_td,serial,4,2,N011,1,54.317,50
D_td,serial,4,2,N012,1,43.905,40
D_td,serial,4,2,N013,1,53.646,49
D_td,serial,4,2,N014,1,43.904,40
D_td,serial,4,2,N015,1,53.541,49
D_td,serial,4,2,N016,1,54.609,50
D_td,serial,4,2,N017,1,50.093,46
D_td,serial,4,2,N018,1,52.575,48
D_td,serial,4,2,N019,1,52.873,49
D_td,serial,4,2,N020,1,52.853,49
D_td,serial,4,2,N021,1,49.725,46
D_td,serial,4,2,N022,1,52.773,48
D_td,serial,4,2,N023,1,53.652,49
D_td,serial,4,2,N024,1,53.903,50
D_td,serial,4,2,N025,1,53.493,49
D_td,serial,4,2,N026,1,53.459,49
D_td,serial,4,2,N027,1,53.824,50
D_td,serial,4,2,N028,1,54.120,50
D_td,serial,4,2,N029,1,53.329,49
D_td,serial,4,2,N030,1,53.144,49
B,msearch,5,2,BATCH,30,36.200,242
C_hdr,msearch,1,2,BATCH,30,79.460,581
C_hdr,serial,1,2,N001,1,23.962,19
C_hdr,serial,1,2,N002,1,23.717,19
C_hdr,serial,1,2,N003,1,22.853,18
C_hdr,serial,1,2,N004,1,22.746,18
C_hdr,serial,1,2,N005,1,21.964,18
C_hdr,serial,1,2,N006,1,22.344,18
C_hdr,serial,1,2,N007,1,22.495,18
C_hdr,serial,1,2,N008,1,22.014,18
C_hdr,serial,1,2,N009,1,22.793,18
C_hdr,serial,1,2,N010,1,22.332,18
C_hdr,serial,1,2,N011,1,22.022,18
C_hdr,serial,1,2,N012,1,22.451,18
C_hdr,serial,1,2,N013,1,22.014,18
C_hdr,serial,1,2,N014,1,22.363,18
C_hdr,serial,1,2,N015,1,22.331,18
C_hdr,serial,1,2,N016,1,22.180,18
C_hdr,serial,1,2,N017,1,22.439,18
C_hdr,serial,1,2,N018,1,22.195,18
C_hdr,serial,1,2,N019,1,21.664,17
C_hdr,serial,1,2,N020,1,22.875,19
C_hdr,serial,1,2,N021,1,21.531,17
C_hdr,serial,1,2,N022,1,21.907,18
C_hdr,serial,1,2,N023,1,22.737,18
C_hdr,serial,1,2,N024,1,22.000,18
C_hdr,serial,1,2,N025,1,22.615,17
C_hdr,serial,1,2,N026,1,22.174,18
C_hdr,serial,1,2,N027,1,22.264,18
C_hdr,serial,1,2,N028,1,21.932,18
C_hdr,serial,1,2,N029,1,21.510,17
C_hdr,serial,1,2,N030,1,21.904,18
B,serial,2,2,N001,1,10.551,7
B,serial,2,2,N002,1,10.196,6
B,serial,2,2,N003,1,9.961,6
B,serial,2,2,N004,1,9.799,6
B,serial,2,2,N005,1,9.817,6
B,serial,2,2,N006,1,9.954,6
B,serial,2,2,N007,1,9.946,6
B,serial,2,2,N008,1,9.972,6
B,serial,2,2,N009,1,9.870,6
B,serial,2,2,N010,1,9.988,6
B,serial,2,2,N011,1,9.719,6
B,serial,2,2,N012,1,9.946,6
B,serial,2,2,N013,1,9.889,6
B,serial,2,2,N014,1,9.917,6
B,serial,2,2,N015,1,9.820,6
B,serial,2,2,N016,1,9.929,6
B,serial,2,2,N017,1,10.581,7
B,serial,2,2,N018,1,9.970,6
B,serial,2,2,N019,1,10.006,6
B,serial,2,2,N020,1,9.966,6
B,serial,2,2,N021,1,10.309,6
B,serial,2,2,N022,1,9.959,6
B,serial,2,2,N023,1,10.143,6
B,serial,2,2,N024,1,10.044,6
B,serial,2,2,N025,1,9.991,6
B,serial,2,2,N026,1,9.971,6
B,serial,2,2,N027,1,9.973,6
B,serial,2,2,N028,1,9.882,6
B,serial,2,2,N029,1,9.850,6
B,serial,2,2,N030,1,9.794,6
A,msearch,5,2,BATCH,30,9.157,18
A,serial,4,2,N001,1,4.290,0
A,serial,4,2,N002,1,4.486,1
A,serial,4,2,N003,1,4.452,1
A,serial,4,2,N004,1,4.700,1
A,serial,4,2,N005,1,4.559,1
A,serial,4,2,N006,1,4.672,1
A,serial,4,2,N007,1,4.501,1
A,serial,4,2,N008,1,4.737,1
A,serial,4,2,N009,1,4.575,1
A,serial,4,2,N010,1,4.526,1
A,serial,4,2,N011,1,4.490,1
A,serial,4,2,N012,1,4.478,1
A,serial,4,2,N013,1,5.510,1
A,serial,4,2,N014,1,4.525,1
A,serial,4,2,N015,1,4.521,1
A,serial,4,2,N016,1,4.574,1
A,serial,4,2,N017,1,4.606,1
A,serial,4,2,N018,1,4.579,1
A,serial,4,2,N019,1,4.556,1
A,serial,4,2,N020,1,4.525,1
A,serial,4,2,N021,1,4.590,1
A,serial,4,2,N022,1,4.505,1
A,serial,4,2,N023,1,4.519,1
A,serial,4,2,N024,1,4.453,1
A,serial,4,2,N025,1,4.668,1
A,serial,4,2,N026,1,4.588,1
A,serial,4,2,N027,1,4.505,1
A,serial,4,2,N028,1,4.514,1
A,serial,4,2,N029,1,4.482,1
A,serial,4,2,N030,1,4.539,1
D_td,msearch,2,2,BATCH,30,141.659,1236
C_td,msearch,3,2,BATCH,30,134.732,1051
C_td,msearch,4,2,BATCH,30,153.946,1325
C_td,msearch,1,2,BATCH,30,124.251,1008
C_td,msearch,2,2,BATCH,30,125.421,1037
C_hdr,msearch,3,2,BATCH,30,82.931,626
A,serial,2,2,N001,1,5.494,1
A,serial,2,2,N002,1,4.733,1
A,serial,2,2,N003,1,4.496,1
A,serial,2,2,N004,1,4.469,1
A,serial,2,2,N005,1,4.422,0
A,serial,2,2,N006,1,4.563,1
A,serial,2,2,N007,1,4.461,1
A,serial,2,2,N008,1,4.415,0
A,serial,2,2,N009,1,4.692,1
A,serial,2,2,N010,1,4.359,0
A,serial,2,2,N011,1,4.412,0
A,serial,2,2,N012,1,4.469,0
A,serial,2,2,N013,1,4.414,0
A,serial,2,2,N014,1,4.407,0
A,serial,2,2,N015,1,4.397,0
A,serial,2,2,N016,1,4.344,0
A,serial,2,2,N017,1,4.338,0
A,serial,2,2,N018,1,4.237,0
A,serial,2,2,N019,1,4.161,0
A,serial,2,2,N020,1,4.253,0
A,serial,2,2,N021,1,4.310,0
A,serial,2,2,N022,1,4.317,0
A,serial,2,2,N023,1,4.196,0
A,serial,2,2,N024,1,4.186,0
A,serial,2,2,N025,1,4.241,0
A,serial,2,2,N026,1,4.211,0
A,serial,2,2,N027,1,4.214,0
A,serial,2,2,N028,1,4.250,0
A,serial,2,2,N029,1,4.335,0
A,serial,2,2,N030,1,4.256,0
C_hdr,serial,3,2,N001,1,23.017,19
C_hdr,serial,3,2,N002,1,22.571,18
C_hdr,serial,3,2,N003,1,21.758,17
C_hdr,serial,3,2,N004,1,24.601,20
C_hdr,serial,3,2,N005,1,22.242,18
C_hdr,serial,3,2,N006,1,24.083,20
C_hdr,serial,3,2,N007,1,22.128,18
C_hdr,serial,3,2,N008,1,22.423,18
C_hdr,serial,3,2,N009,1,23.510,19
C_hdr,serial,3,2,N010,1,22.086,18
C_hdr,serial,3,2,N011,1,21.896,17
C_hdr,serial,3,2,N012,1,21.481,17
C_hdr,serial,3,2,N013,1,22.559,18
C_hdr,serial,3,2,N014,1,22.489,18
C_hdr,serial,3,2,N015,1,22.207,18
C_hdr,serial,3,2,N016,1,22.015,18
C_hdr,serial,3,2,N017,1,21.553,17
C_hdr,serial,3,2,N018,1,22.111,18
C_hdr,serial,3,2,N019,1,24.372,18
C_hdr,serial,3,2,N020,1,21.854,17
C_hdr,serial,3,2,N021,1,23.236,19
C_hdr,serial,3,2,N022,1,20.433,16
C_hdr,serial,3,2,N023,1,23.070,19
C_hdr,serial,3,2,N024,1,22.285,18
C_hdr,serial,3,2,N025,1,28.767,24
C_hdr,serial,3,2,N026,1,22.335,18
C_hdr,serial,3,2,N027,1,22.096,18
C_hdr,serial,3,2,N028,1,22.668,18
C_hdr,serial,3,2,N029,1,22.035,18
C_hdr,serial,3,2,N030,1,22.361,18
C_td,serial,2,2,N001,1,36.666,33
C_td,serial,2,2,N002,1,37.041,33
C_td,serial,2,2,N003,1,36.256,32
C_td,serial,2,2,N004,1,35.767,32
C_td,serial,2,2,N005,1,27.069,23
C_td,serial,2,2,N006,1,25.538,22
C_td,serial,2,2,N007,1,35.760,32
C_td,serial,2,2,N008,1,36.002,32
C_td,serial,2,2,N009,1,36.144,32
C_td,serial,2,2,N010,1,39.590,36
C_td,serial,2,2,N011,1,36.345,32
C_td,serial,2,2,N012,1,36.067,32
C_td,serial,2,2,N013,1,36.192,32
C_td,serial,2,2,N014,1,36.002,32
C_td,serial,2,2,N015,1,36.199,32
C_td,serial,2,2,N016,1,36.306,32
C_td,serial,2,2,N017,1,36.319,32
C_td,serial,2,2,N018,1,36.662,33
C_td,serial,2,2,N019,1,36.894,33
C_td,serial,2,2,N020,1,35.930,32
C_td,serial,2,2,N021,1,36.062,32
C_td,serial,2,2,N022,1,35.353,32
C_td,serial,2,2,N023,1,32.740,29
C_td,serial,2,2,N024,1,34.522,30
C_td,serial,2,2,N025,1,36.537,32
C_td,serial,2,2,N026,1,36.966,33
C_td,serial,2,2,N027,1,36.823,33
C_td,serial,2,2,N028,1,37.260,33
C_td,serial,2,2,N029,1,25.740,22
C_td,serial,2,2,N030,1,36.040,32
A,msearch,3,2,BATCH,30,9.054,28
C_hdr,serial,5,2,N001,1,21.226,17
C_hdr,serial,5,2,N002,1,23.876,20
C_hdr,serial,5,2,N003,1,24.272,20
C_hdr,serial,5,2,N004,1,23.754,20
C_hdr,serial,5,2,N005,1,25.269,21
C_hdr,serial,5,2,N006,1,23.759,19
C_hdr,serial,5,2,N007,1,22.195,18
C_hdr,serial,5,2,N008,1,25.157,21
C_hdr,serial,5,2,N009,1,24.860,20
C_hdr,serial,5,2,N010,1,23.814,20
C_hdr,serial,5,2,N011,1,25.036,21
C_hdr,serial,5,2,N012,1,24.309,20
C_hdr,serial,5,2,N013,1,24.467,20
C_hdr,serial,5,2,N014,1,24.354,20
C_hdr,serial,5,2,N015,1,25.409,21
C_hdr,serial,5,2,N016,1,24.081,20
C_hdr,serial,5,2,N017,1,23.999,20
C_hdr,serial,5,2,N018,1,23.904,20
C_hdr,serial,5,2,N019,1,23.795,20
C_hdr,serial,5,2,N020,1,25.506,21
C_hdr,serial,5,2,N021,1,24.203,20
C_hdr,serial,5,2,N022,1,24.836,21
C_hdr,serial,5,2,N023,1,24.403,20
C_hdr,serial,5,2,N024,1,24.212,20
C_hdr,serial,5,2,N025,1,25.136,21
C_hdr,serial,5,2,N026,1,24.374,20
C_hdr,serial,5,2,N027,1,24.475,20
C_hdr,serial,5,2,N028,1,24.817,20
C_hdr,serial,5,2,N029,1,24.444,20
C_hdr,serial,5,2,N030,1,24.919,20
D_hdr,msearch,5,2,BATCH,30,105.107,827
C_td,serial,1,2,N001,1,35.728,31
C_td,serial,1,2,N002,1,35.065,31
C_td,serial,1,2,N003,1,34.616,31
C_td,serial,1,2,N004,1,34.516,31
C_td,serial,1,2,N005,1,35.236,31
C_td,serial,1,2,N006,1,35.059,31
C_td,serial,1,2,N007,1,34.880,31
C_td,serial,1,2,N008,1,34.902,31
C_td,serial,1,2,N009,1,34.612,31
C_td,serial,1,2,N010,1,34.746,31
C_td,serial,1,2,N011,1,34.689,31
C_td,serial,1,2,N012,1,35.865,32
C_td,serial,1,2,N013,1,34.879,31
C_td,serial,1,2,N014,1,34.662,31
C_td,serial,1,2,N015,1,34.505,30
C_td,serial,1,2,N016,1,34.963,31
C_td,serial,1,2,N017,1,34.613,31
C_td,serial,1,2,N018,1,34.474,31
C_td,serial,1,2,N019,1,34.666,31
C_td,serial,1,2,N020,1,34.776,31
C_td,serial,1,2,N021,1,34.433,30
C_td,serial,1,2,N022,1,34.448,30
C_td,serial,1,2,N023,1,34.427,30
C_td,serial,1,2,N024,1,34.601,31
C_td,serial,1,2,N025,1,34.971,31
C_td,serial,1,2,N026,1,35.441,31
C_td,serial,1,2,N027,1,34.514,30
C_td,serial,1,2,N028,1,34.394,30
C_td,serial,1,2,N029,1,43.225,39
C_td,serial,1,2,N030,1,34.539,30
A,msearch,4,2,BATCH,30,9.712,28
D_hdr,serial,3,2,N001,1,26.636,22
D_hdr,serial,3,2,N002,1,26.278,22
D_hdr,serial,3,2,N003,1,26.533,22
D_hdr,serial,3,2,N004,1,28.329,24
D_hdr,serial,3,2,N005,1,26.210,22
D_hdr,serial,3,2,N006,1,28.000,24
D_hdr,serial,3,2,N007,1,26.692,22
D_hdr,serial,3,2,N008,1,26.669,22
D_hdr,serial,3,2,N009,1,27.399,23
D_hdr,serial,3,2,N010,1,25.974,22
D_hdr,serial,3,2,N011,1,26.315,22
D_hdr,serial,3,2,N012,1,26.007,22
D_hdr,serial,3,2,N013,1,29.041,22
D_hdr,serial,3,2,N014,1,25.906,21
D_hdr,serial,3,2,N015,1,25.984,22
D_hdr,serial,3,2,N016,1,25.785,21
D_hdr,serial,3,2,N017,1,25.752,21
D_hdr,serial,3,2,N018,1,26.094,22
D_hdr,serial,3,2,N019,1,25.997,22
D_hdr,serial,3,2,N020,1,25.335,21
D_hdr,serial,3,2,N021,1,25.904,22
D_hdr,serial,3,2,N022,1,25.425,21
D_hdr,serial,3,2,N023,1,25.970,22
D_hdr,serial,3,2,N024,1,25.260,21
D_hdr,serial,3,2,N025,1,25.149,21
D_hdr,serial,3,2,N026,1,25.086,21
D_hdr,serial,3,2,N027,1,26.021,22
D_hdr,serial,3,2,N028,1,26.253,22
D_hdr,serial,3,2,N029,1,29.139,25
D_hdr,serial,3,2,N030,1,25.351,21
D_td,serial,5,2,N001,1,48.017,44
D_td,serial,5,2,N002,1,46.754,43
D_td,serial,5,2,N003,1,46.758,43
D_td,serial,5,2,N004,1,47.168,43
D_td,serial,5,2,N005,1,46.768,43
D_td,serial,5,2,N006,1,47.039,43
D_td,serial,5,2,N007,1,46.625,43
D_td,serial,5,2,N008,1,46.355,42
D_td,serial,5,2,N009,1,47.125,43
D_td,serial,5,2,N010,1,46.369,42
D_td,serial,5,2,N011,1,46.456,42
D_td,serial,5,2,N012,1,47.632,44
D_td,serial,5,2,N013,1,46.427,42
D_td,serial,5,2,N014,1,46.761,43
D_td,serial,5,2,N015,1,47.120,43
D_td,serial,5,2,N016,1,46.444,42
D_td,serial,5,2,N017,1,46.523,42
D_td,serial,5,2,N018,1,46.541,42
D_td,serial,5,2,N019,1,46.420,42
D_td,serial,5,2,N020,1,47.211,43
D_td,serial,5,2,N021,1,46.829,43
D_td,serial,5,2,N022,1,46.930,43
D_td,serial,5,2,N023,1,47.169,43
D_td,serial,5,2,N024,1,46.080,42
D_td,serial,5,2,N025,1,46.978,43
D_td,serial,5,2,N026,1,46.703,43
D_td,serial,5,2,N027,1,46.094,42
D_td,serial,5,2,N028,1,46.734,43
D_td,serial,5,2,N029,1,46.964,43
D_td,serial,5,2,N030,1,46.766,43
D_hdr,serial,2,2,N001,1,27.214,23
D_hdr,serial,2,2,N002,1,26.334,22
D_hdr,serial,2,2,N003,1,26.639,22
D_hdr,serial,2,2,N004,1,26.987,22
D_hdr,serial,2,2,N005,1,27.175,23
D_hdr,serial,2,2,N006,1,26.965,22
D_hdr,serial,2,2,N007,1,36.251,32
D_hdr,serial,2,2,N008,1,22.257,18
D_hdr,serial,2,2,N009,1,25.400,21
D_hdr,serial,2,2,N010,1,25.862,22
D_hdr,serial,2,2,N011,1,26.006,22
D_hdr,serial,2,2,N012,1,20.941,17
D_hdr,serial,2,2,N013,1,21.160,17
D_hdr,serial,2,2,N014,1,25.577,22
D_hdr,serial,2,2,N015,1,25.655,22
D_hdr,serial,2,2,N016,1,21.783,18
D_hdr,serial,2,2,N017,1,25.379,21
D_hdr,serial,2,2,N018,1,24.844,21
D_hdr,serial,2,2,N019,1,25.830,22
D_hdr,serial,2,2,N020,1,25.852,22
D_hdr,serial,2,2,N021,1,25.949,22
D_hdr,serial,2,2,N022,1,26.565,22
D_hdr,serial,2,2,N023,1,26.644,22
D_hdr,serial,2,2,N024,1,26.156,22
D_hdr,serial,2,2,N025,1,27.773,23
D_hdr,serial,2,2,N026,1,25.872,22
D_hdr,serial,2,2,N027,1,26.069,22
D_hdr,serial,2,2,N028,1,26.534,22
D_hdr,serial,2,2,N029,1,26.035,22
D_hdr,serial,2,2,N030,1,26.337,22
B,msearch,1,2,BATCH,30,27.854,190
C_hdr,msearch,4,2,BATCH,30,94.032,733
D_hdr,serial,1,2,N001,1,28.183,23
D_hdr,serial,1,2,N002,1,26.112,22
D_hdr,serial,1,2,N003,1,25.712,21
D_hdr,serial,1,2,N004,1,27.712,21
D_hdr,serial,1,2,N005,1,26.612,22
D_hdr,serial,1,2,N006,1,25.506,21
D_hdr,serial,1,2,N007,1,25.808,21
D_hdr,serial,1,2,N008,1,25.527,21
D_hdr,serial,1,2,N009,1,26.914,23
D_hdr,serial,1,2,N010,1,25.802,21
D_hdr,serial,1,2,N011,1,25.769,21
D_hdr,serial,1,2,N012,1,26.326,22
D_hdr,serial,1,2,N013,1,25.503,21
D_hdr,serial,1,2,N014,1,25.244,21
D_hdr,serial,1,2,N015,1,25.284,21
D_hdr,serial,1,2,N016,1,25.486,21
D_hdr,serial,1,2,N017,1,25.375,21
D_hdr,serial,1,2,N018,1,27.551,21
D_hdr,serial,1,2,N019,1,25.970,22
D_hdr,serial,1,2,N020,1,26.029,22
D_hdr,serial,1,2,N021,1,25.107,21
D_hdr,serial,1,2,N022,1,24.937,21
D_hdr,serial,1,2,N023,1,25.835,21
D_hdr,serial,1,2,N024,1,26.105,22
D_hdr,serial,1,2,N025,1,25.206,21
D_hdr,serial,1,2,N026,1,26.269,22
D_hdr,serial,1,2,N027,1,26.078,22
D_hdr,serial,1,2,N028,1,26.940,23
D_hdr,serial,1,2,N029,1,25.800,21
D_hdr,serial,1,2,N030,1,25.832,21
D_td,serial,2,2,N001,1,40.910,37
D_td,serial,2,2,N002,1,40.430,36
D_td,serial,2,2,N003,1,40.312,36
D_td,serial,2,2,N004,1,40.592,36
D_td,serial,2,2,N005,1,41.063,37
D_td,serial,2,2,N006,1,40.468,36
D_td,serial,2,2,N007,1,40.400,36
D_td,serial,2,2,N008,1,40.197,36
D_td,serial,2,2,N009,1,40.354,36
D_td,serial,2,2,N010,1,40.960,37
D_td,serial,2,2,N011,1,41.223,37
D_td,serial,2,2,N012,1,40.155,36
D_td,serial,2,2,N013,1,39.720,36
D_td,serial,2,2,N014,1,40.399,36
D_td,serial,2,2,N015,1,40.005,36
D_td,serial,2,2,N016,1,40.712,37
D_td,serial,2,2,N017,1,40.208,36
D_td,serial,2,2,N018,1,39.879,36
D_td,serial,2,2,N019,1,40.258,36
D_td,serial,2,2,N020,1,40.894,37
D_td,serial,2,2,N021,1,40.368,36
D_td,serial,2,2,N022,1,39.732,36
D_td,serial,2,2,N023,1,39.917,36
D_td,serial,2,2,N024,1,41.300,37
D_td,serial,2,2,N025,1,39.792,36
D_td,serial,2,2,N026,1,40.751,37
D_td,serial,2,2,N027,1,39.844,36
D_td,serial,2,2,N028,1,40.349,36
D_td,serial,2,2,N029,1,40.619,36
D_td,serial,2,2,N030,1,41.117,37
B,serial,4,2,N001,1,12.028,8
B,serial,4,2,N002,1,11.976,8
B,serial,4,2,N003,1,11.541,8
B,serial,4,2,N004,1,12.178,8
B,serial,4,2,N005,1,11.545,8
B,serial,4,2,N006,1,11.792,8
B,serial,4,2,N007,1,11.910,8
B,serial,4,2,N008,1,11.516,7
B,serial,4,2,N009,1,12.103,8
B,serial,4,2,N010,1,11.482,7
B,serial,4,2,N011,1,11.823,8
B,serial,4,2,N012,1,11.561,8
B,serial,4,2,N013,1,11.688,8
B,serial,4,2,N014,1,11.889,8
B,serial,4,2,N015,1,11.583,8
B,serial,4,2,N016,1,11.681,8
B,serial,4,2,N017,1,11.629,8
B,serial,4,2,N018,1,11.522,8
B,serial,4,2,N019,1,15.939,10
B,serial,4,2,N020,1,11.717,8
B,serial,4,2,N021,1,11.594,8
B,serial,4,2,N022,1,11.547,8
B,serial,4,2,N023,1,11.782,8
B,serial,4,2,N024,1,11.616,8
B,serial,4,2,N025,1,11.499,7
B,serial,4,2,N026,1,11.541,8
B,serial,4,2,N027,1,11.777,8
B,serial,4,2,N028,1,11.689,8
B,serial,4,2,N029,1,11.722,8
B,serial,4,2,N030,1,11.922,8
C_td,serial,3,2,N001,1,37.217,33
C_td,serial,3,2,N002,1,37.192,33
C_td,serial,3,2,N003,1,36.968,33
C_td,serial,3,2,N004,1,39.135,35
C_td,serial,3,2,N005,1,37.394,33
C_td,serial,3,2,N006,1,38.801,35
C_td,serial,3,2,N007,1,45.698,42
C_td,serial,3,2,N008,1,39.302,35
C_td,serial,3,2,N009,1,38.640,35
C_td,serial,3,2,N010,1,37.933,34
C_td,serial,3,2,N011,1,37.085,33
C_td,serial,3,2,N012,1,37.062,33
C_td,serial,3,2,N013,1,36.663,33
C_td,serial,3,2,N014,1,36.909,33
C_td,serial,3,2,N015,1,36.941,33
C_td,serial,3,2,N016,1,37.196,33
C_td,serial,3,2,N017,1,36.918,33
C_td,serial,3,2,N018,1,45.257,41
C_td,serial,3,2,N019,1,36.918,33
C_td,serial,3,2,N020,1,36.782,33
C_td,serial,3,2,N021,1,36.947,33
C_td,serial,3,2,N022,1,36.781,33
C_td,serial,3,2,N023,1,38.080,34
C_td,serial,3,2,N024,1,36.982,33
C_td,serial,3,2,N025,1,36.951,33
C_td,serial,3,2,N026,1,36.978,33
C_td,serial,3,2,N027,1,36.931,33
C_td,serial,3,2,N028,1,36.982,33
C_td,serial,3,2,N029,1,39.282,35
C_td,serial,3,2,N030,1,37.007,33
D_hdr,msearch,3,2,BATCH,30,99.349,762
B,serial,1,2,N001,1,10.710,6
B,serial,1,2,N002,1,10.270,6
B,serial,1,2,N003,1,9.598,6
B,serial,1,2,N004,1,10.867,7
B,serial,1,2,N005,1,9.414,5
B,serial,1,2,N006,1,9.678,6
B,serial,1,2,N007,1,9.499,6
B,serial,1,2,N008,1,9.623,6
B,serial,1,2,N009,1,9.540,6
B,serial,1,2,N010,1,9.421,6
B,serial,1,2,N011,1,10.299,6
B,serial,1,2,N012,1,9.663,6
B,serial,1,2,N013,1,10.320,6
B,serial,1,2,N014,1,9.350,5
B,serial,1,2,N015,1,9.477,5
B,serial,1,2,N016,1,9.676,6
B,serial,1,2,N017,1,9.306,5
B,serial,1,2,N018,1,9.307,5
B,serial,1,2,N019,1,9.295,5
B,serial,1,2,N020,1,9.327,5
B,serial,1,2,N021,1,9.255,5
B,serial,1,2,N022,1,9.594,6
B,serial,1,2,N023,1,9.515,5
B,serial,1,2,N024,1,9.293,5
B,serial,1,2,N025,1,9.350,5
B,serial,1,2,N026,1,9.812,6
B,serial,1,2,N027,1,8.894,5
B,serial,1,2,N028,1,8.825,6
B,serial,1,2,N029,1,7.510,4
B,serial,1,2,N030,1,8.217,5
D_hdr,serial,5,2,N001,1,28.404,25
D_hdr,serial,5,2,N002,1,27.811,24
D_hdr,serial,5,2,N003,1,28.188,25
D_hdr,serial,5,2,N004,1,28.267,25
D_hdr,serial,5,2,N005,1,28.300,24
D_hdr,serial,5,2,N006,1,25.618,22
D_hdr,serial,5,2,N007,1,27.160,24
D_hdr,serial,5,2,N008,1,26.981,23
D_hdr,serial,5,2,N009,1,27.900,24
D_hdr,serial,5,2,N010,1,27.493,24
D_hdr,serial,5,2,N011,1,28.012,25
D_hdr,serial,5,2,N012,1,27.195,24
D_hdr,serial,5,2,N013,1,28.562,25
D_hdr,serial,5,2,N014,1,28.228,24
D_hdr,serial,5,2,N015,1,27.940,24
D_hdr,serial,5,2,N016,1,28.220,24
D_hdr,serial,5,2,N017,1,28.752,24
D_hdr,serial,5,2,N018,1,28.291,24
D_hdr,serial,5,2,N019,1,28.634,24
D_hdr,serial,5,2,N020,1,28.362,24
D_hdr,serial,5,2,N021,1,27.906,24
D_hdr,serial,5,2,N022,1,28.927,25
D_hdr,serial,5,2,N023,1,28.136,24
D_hdr,serial,5,2,N024,1,28.720,24
D_hdr,serial,5,2,N025,1,28.710,24
D_hdr,serial,5,2,N026,1,28.811,24
D_hdr,serial,5,2,N027,1,30.190,26
D_hdr,serial,5,2,N028,1,28.188,24
D_hdr,serial,5,2,N029,1,28.082,24
D_hdr,serial,5,2,N030,1,29.318,25
C_td,msearch,5,2,BATCH,30,141.782,1219
B,msearch,3,2,BATCH,30,30.373,179
C_td,serial,5,2,N001,1,42.162,38
C_td,serial,5,2,N002,1,42.864,38
C_td,serial,5,2,N003,1,42.141,38
C_td,serial,5,2,N004,1,42.105,38
C_td,serial,5,2,N005,1,41.387,37
C_td,serial,5,2,N006,1,42.496,38
C_td,serial,5,2,N007,1,41.902,38
C_td,serial,5,2,N008,1,42.805,39
C_td,serial,5,2,N009,1,41.680,38
C_td,serial,5,2,N010,1,41.925,38
C_td,serial,5,2,N011,1,41.573,38
C_td,serial,5,2,N012,1,41.855,38
C_td,serial,5,2,N013,1,41.856,38
C_td,serial,5,2,N014,1,41.996,38
C_td,serial,5,2,N015,1,41.851,38
C_td,serial,5,2,N016,1,41.796,38
C_td,serial,5,2,N017,1,41.710,38
C_td,serial,5,2,N018,1,42.008,38
C_td,serial,5,2,N019,1,41.830,38
C_td,serial,5,2,N020,1,42.776,39
C_td,serial,5,2,N021,1,41.568,38
C_td,serial,5,2,N022,1,41.845,38
C_td,serial,5,2,N023,1,41.945,38
C_td,serial,5,2,N024,1,41.606,38
C_td,serial,5,2,N025,1,41.932,38
C_td,serial,5,2,N026,1,41.914,38
C_td,serial,5,2,N027,1,41.625,38
C_td,serial,5,2,N028,1,41.930,38
C_td,serial,5,2,N029,1,41.366,37
C_td,serial,5,2,N030,1,41.354,37
A,msearch,2,2,BATCH,30,9.159,12
D_td,msearch,3,2,BATCH,30,156.269,1324
A,msearch,1,2,BATCH,30,10.259,30
B,msearch,4,2,BATCH,30,37.850,267
B,serial,5,2,N001,1,11.432,7
B,serial,5,2,N002,1,11.150,7
B,serial,5,2,N003,1,11.240,7
B,serial,5,2,N004,1,10.974,7
B,serial,5,2,N005,1,10.728,7
B,serial,5,2,N006,1,11.029,7
B,serial,5,2,N007,1,10.756,7
B,serial,5,2,N008,1,10.535,7
B,serial,5,2,N009,1,10.877,7
B,serial,5,2,N010,1,10.836,7
B,serial,5,2,N011,1,11.100,7
B,serial,5,2,N012,1,10.657,7
B,serial,5,2,N013,1,10.588,7
B,serial,5,2,N014,1,10.644,7
B,serial,5,2,N015,1,10.685,7
B,serial,5,2,N016,1,12.695,9
B,serial,5,2,N017,1,10.861,7
B,serial,5,2,N018,1,10.778,7
B,serial,5,2,N019,1,10.803,7
B,serial,5,2,N020,1,10.989,7
B,serial,5,2,N021,1,10.691,7
B,serial,5,2,N022,1,10.745,7
B,serial,5,2,N023,1,10.843,7
B,serial,5,2,N024,1,10.568,7
B,serial,5,2,N025,1,10.593,7
B,serial,5,2,N026,1,10.676,7
B,serial,5,2,N027,1,10.732,7
B,serial,5,2,N028,1,10.625,7
B,serial,5,2,N029,1,10.833,7
B,serial,5,2,N030,1,10.885,7
D_td,serial,3,2,N001,1,43.120,38
D_td,serial,3,2,N002,1,42.031,38
D_td,serial,3,2,N003,1,42.155,38
D_td,serial,3,2,N004,1,43.364,39
D_td,serial,3,2,N005,1,42.228,38
D_td,serial,3,2,N006,1,44.332,40
D_td,serial,3,2,N007,1,41.885,38
D_td,serial,3,2,N008,1,42.358,38
D_td,serial,3,2,N009,1,43.262,39
D_td,serial,3,2,N010,1,41.977,38
D_td,serial,3,2,N011,1,42.058,38
D_td,serial,3,2,N012,1,42.909,39
D_td,serial,3,2,N013,1,41.828,38
D_td,serial,3,2,N014,1,42.207,38
D_td,serial,3,2,N015,1,42.260,38
D_td,serial,3,2,N016,1,42.124,38
D_td,serial,3,2,N017,1,41.738,38
D_td,serial,3,2,N018,1,42.053,38
D_td,serial,3,2,N019,1,41.798,38
D_td,serial,3,2,N020,1,42.213,38
D_td,serial,3,2,N021,1,42.261,38
D_td,serial,3,2,N022,1,42.034,38
D_td,serial,3,2,N023,1,41.859,38
D_td,serial,3,2,N024,1,43.322,39
D_td,serial,3,2,N025,1,41.909,38
D_td,serial,3,2,N026,1,41.821,38
D_td,serial,3,2,N027,1,41.937,38
D_td,serial,3,2,N028,1,42.072,38
D_td,serial,3,2,N029,1,41.696,38
D_td,serial,3,2,N030,1,42.084,38
A,serial,3,2,N001,1,4.449,1
A,serial,3,2,N002,1,4.543,1
A,serial,3,2,N003,1,4.569,1
A,serial,3,2,N004,1,4.565,1
A,serial,3,2,N005,1,4.537,1
A,serial,3,2,N006,1,4.669,1
A,serial,3,2,N007,1,4.590,1
A,serial,3,2,N008,1,4.630,1
A,serial,3,2,N009,1,4.561,1
A,serial,3,2,N010,1,4.600,1
A,serial,3,2,N011,1,4.486,1
A,serial,3,2,N012,1,4.507,1
A,serial,3,2,N013,1,4.539,1
A,serial,3,2,N014,1,4.635,1
A,serial,3,2,N015,1,4.587,1
A,serial,3,2,N016,1,4.428,1
A,serial,3,2,N017,1,4.400,1
A,serial,3,2,N018,1,4.591,1
A,serial,3,2,N019,1,4.617,1
A,serial,3,2,N020,1,4.681,1
A,serial,3,2,N021,1,4.574,1
A,serial,3,2,N022,1,4.583,1
A,serial,3,2,N023,1,4.566,1
A,serial,3,2,N024,1,4.528,1
A,serial,3,2,N025,1,4.471,1
A,serial,3,2,N026,1,4.571,1
A,serial,3,2,N027,1,4.529,1
A,serial,3,2,N028,1,4.656,1
A,serial,3,2,N029,1,4.619,1
A,serial,3,2,N030,1,4.621,1
A,serial,5,2,N001,1,4.099,0
A,serial,5,2,N002,1,4.281,0
A,serial,5,2,N003,1,4.272,0
A,serial,5,2,N004,1,4.463,0
A,serial,5,2,N005,1,4.340,0
A,serial,5,2,N006,1,4.402,0
A,serial,5,2,N007,1,4.330,0
A,serial,5,2,N008,1,4.208,0
A,serial,5,2,N009,1,4.270,0
A,serial,5,2,N010,1,4.265,0
A,serial,5,2,N011,1,4.289,0
A,serial,5,2,N012,1,4.276,0
A,serial,5,2,N013,1,4.322,0
A,serial,5,2,N014,1,4.074,0
A,serial,5,2,N015,1,3.846,0
A,serial,5,2,N016,1,3.667,0
A,serial,5,2,N017,1,3.788,0
A,serial,5,2,N018,1,3.586,0
A,serial,5,2,N019,1,3.361,0
A,serial,5,2,N020,1,3.275,1
A,serial,5,2,N021,1,3.637,0
A,serial,5,2,N022,1,3.878,0
A,serial,5,2,N023,1,4.989,0
A,serial,5,2,N024,1,4.218,0
A,serial,5,2,N025,1,4.276,0
A,serial,5,2,N026,1,4.537,0
A,serial,5,2,N027,1,4.316,0
A,serial,5,2,N028,1,4.262,0
A,serial,5,2,N029,1,4.275,0
A,serial,5,2,N030,1,4.270,0
D_td,msearch,1,2,BATCH,30,140.642,1191
B,serial,3,2,N001,1,7.442,3
B,serial,3,2,N002,1,9.059,5
B,serial,3,2,N003,1,8.878,5
B,serial,3,2,N004,1,10.422,6
B,serial,3,2,N005,1,8.512,5
B,serial,3,2,N006,1,7.478,3
B,serial,3,2,N007,1,7.556,4
B,serial,3,2,N008,1,8.631,5
B,serial,3,2,N009,1,10.157,6
B,serial,3,2,N010,1,9.879,6
B,serial,3,2,N011,1,8.630,5
B,serial,3,2,N012,1,8.600,5
B,serial,3,2,N013,1,8.527,5
B,serial,3,2,N014,1,8.531,5
B,serial,3,2,N015,1,8.595,5
B,serial,3,2,N016,1,8.753,5
B,serial,3,2,N017,1,8.716,5
B,serial,3,2,N018,1,8.689,5
B,serial,3,2,N019,1,8.750,5
B,serial,3,2,N020,1,8.675,5
B,serial,3,2,N021,1,8.630,5
B,serial,3,2,N022,1,8.569,5
B,serial,3,2,N023,1,8.651,5
B,serial,3,2,N024,1,8.644,5
B,serial,3,2,N025,1,9.002,5
B,serial,3,2,N026,1,8.815,5
B,serial,3,2,N027,1,8.649,5
B,serial,3,2,N028,1,8.716,5
B,serial,3,2,N029,1,8.591,5
B,serial,3,2,N030,1,8.614,5
C_hdr,msearch,2,2,BATCH,30,84.632,654
C_td,serial,4,2,N001,1,48.355,44
C_td,serial,4,2,N002,1,48.011,44
C_td,serial,4,2,N003,1,47.873,44
C_td,serial,4,2,N004,1,48.955,45
C_td,serial,4,2,N005,1,47.796,44
C_td,serial,4,2,N006,1,48.430,44
C_td,serial,4,2,N007,1,47.672,44
C_td,serial,4,2,N008,1,47.774,44
C_td,serial,4,2,N009,1,49.650,44
C_td,serial,4,2,N010,1,48.195,44
C_td,serial,4,2,N011,1,47.721,44
C_td,serial,4,2,N012,1,50.175,46
C_td,serial,4,2,N013,1,47.331,43
C_td,serial,4,2,N014,1,25.879,22
C_td,serial,4,2,N015,1,68.735,64
C_td,serial,4,2,N016,1,60.192,56
C_td,serial,4,2,N017,1,48.040,44
C_td,serial,4,2,N018,1,48.087,44
C_td,serial,4,2,N019,1,48.161,44
C_td,serial,4,2,N020,1,48.446,44
C_td,serial,4,2,N021,1,47.672,44
C_td,serial,4,2,N022,1,47.661,44
C_td,serial,4,2,N023,1,47.367,43
C_td,serial,4,2,N024,1,47.562,44
C_td,serial,4,2,N025,1,47.939,44
C_td,serial,4,2,N026,1,47.431,43
C_td,serial,4,2,N027,1,47.629,44
C_td,serial,4,2,N028,1,48.008,44
C_td,serial,4,2,N029,1,48.128,44
C_td,serial,4,2,N030,1,47.465,43
D_hdr,msearch,1,2,BATCH,30,92.455,736
D_hdr,msearch,2,2,BATCH,30,97.258,748
C_hdr,msearch,5,2,BATCH,30,79.996,624
D_td,serial,1,2,N001,1,32.540,29
D_td,serial,1,2,N002,1,38.666,35
D_td,serial,1,2,N003,1,38.956,35
D_td,serial,1,2,N004,1,38.889,35
D_td,serial,1,2,N005,1,38.600,34
D_td,serial,1,2,N006,1,38.859,35
D_td,serial,1,2,N007,1,40.198,36
D_td,serial,1,2,N008,1,39.184,35
D_td,serial,1,2,N009,1,39.201,35
D_td,serial,1,2,N010,1,42.128,38
D_td,serial,1,2,N011,1,38.910,35
D_td,serial,1,2,N012,1,28.745,25
D_td,serial,1,2,N013,1,38.695,35
D_td,serial,1,2,N014,1,39.066,35
D_td,serial,1,2,N015,1,39.133,35
D_td,serial,1,2,N016,1,39.002,35
D_td,serial,1,2,N017,1,38.898,35
D_td,serial,1,2,N018,1,39.092,35
D_td,serial,1,2,N019,1,39.126,35
D_td,serial,1,2,N020,1,39.829,36
D_td,serial,1,2,N021,1,38.921,35
D_td,serial,1,2,N022,1,39.081,35
D_td,serial,1,2,N023,1,38.815,35
D_td,serial,1,2,N024,1,38.919,35
D_td,serial,1,2,N025,1,38.696,35
D_td,serial,1,2,N026,1,39.537,35
D_td,serial,1,2,N027,1,38.836,35
D_td,serial,1,2,N028,1,39.300,35
D_td,serial,1,2,N029,1,39.145,35
D_td,serial,1,2,N030,1,38.984,35
D_hdr,serial,4,2,N001,1,31.557,27
D_hdr,serial,4,2,N002,1,31.971,28
D_hdr,serial,4,2,N003,1,32.462,28
D_hdr,serial,4,2,N004,1,31.502,27
D_hdr,serial,4,2,N005,1,30.957,26
D_hdr,serial,4,2,N006,1,30.819,26
D_hdr,serial,4,2,N007,1,31.879,27
D_hdr,serial,4,2,N008,1,30.727,26
D_hdr,serial,4,2,N009,1,30.975,27
D_hdr,serial,4,2,N010,1,31.305,27
D_hdr,serial,4,2,N011,1,32.303,28
D_hdr,serial,4,2,N012,1,31.555,27
D_hdr,serial,4,2,N013,1,31.676,27
D_hdr,serial,4,2,N014,1,31.003,26
D_hdr,serial,4,2,N015,1,30.692,26
D_hdr,serial,4,2,N016,1,30.235,26
D_hdr,serial,4,2,N017,1,31.416,27
D_hdr,serial,4,2,N018,1,31.224,27
D_hdr,serial,4,2,N019,1,32.038,28
D_hdr,serial,4,2,N020,1,31.408,27
D_hdr,serial,4,2,N021,1,31.392,27
D_hdr,serial,4,2,N022,1,31.692,27
D_hdr,serial,4,2,N023,1,31.214,27
D_hdr,serial,4,2,N024,1,31.276,27
D_hdr,serial,4,2,N025,1,31.144,27
D_hdr,serial,4,2,N026,1,30.929,27
D_hdr,serial,4,2,N027,1,31.621,27
D_hdr,serial,4,2,N028,1,31.917,27
D_hdr,serial,4,2,N029,1,31.413,27
D_hdr,serial,4,2,N030,1,32.579,28
D_td,serial,4,3,N001,1,53.235,49
D_td,serial,4,3,N002,1,52.914,49
D_td,serial,4,3,N003,1,55.448,51
D_td,serial,4,3,N004,1,53.697,49
D_td,serial,4,3,N005,1,53.313,49
D_td,serial,4,3,N006,1,53.071,49
D_td,serial,4,3,N007,1,54.231,50
D_td,serial,4,3,N008,1,53.001,49
D_td,serial,4,3,N009,1,46.796,43
D_td,serial,4,3,N010,1,52.891,49
D_td,serial,4,3,N011,1,53.528,50
D_td,serial,4,3,N012,1,53.814,50
D_td,serial,4,3,N013,1,53.165,49
D_td,serial,4,3,N014,1,47.161,43
D_td,serial,4,3,N015,1,52.935,49
D_td,serial,4,3,N016,1,52.764,49
D_td,serial,4,3,N017,1,50.184,46
D_td,serial,4,3,N018,1,46.267,42
D_td,serial,4,3,N019,1,46.558,42
D_td,serial,4,3,N020,1,53.172,49
D_td,serial,4,3,N021,1,52.589,48
D_td,serial,4,3,N022,1,54.605,50
D_td,serial,4,3,N023,1,54.630,50
D_td,serial,4,3,N024,1,53.040,49
D_td,serial,4,3,N025,1,52.862,49
D_td,serial,4,3,N026,1,53.906,50
D_td,serial,4,3,N027,1,53.092,49
D_td,serial,4,3,N028,1,53.230,49
D_td,serial,4,3,N029,1,52.672,49
D_td,serial,4,3,N030,1,52.919,49
D_hdr,msearch,3,3,BATCH,30,97.979,765
B,msearch,4,3,BATCH,30,37.009,259
D_hdr,msearch,1,3,BATCH,30,89.185,686
A,msearch,2,3,BATCH,30,7.949,1
B,msearch,5,3,BATCH,30,33.392,224
C_td,serial,3,3,N001,1,37.330,33
C_td,serial,3,3,N002,1,44.361,40
C_td,serial,3,3,N003,1,36.689,33
C_td,serial,3,3,N004,1,38.750,35
C_td,serial,3,3,N005,1,36.972,33
C_td,serial,3,3,N006,1,39.271,35
C_td,serial,3,3,N007,1,36.952,33
C_td,serial,3,3,N008,1,38.174,34
C_td,serial,3,3,N009,1,39.248,35
C_td,serial,3,3,N010,1,37.326,33
C_td,serial,3,3,N011,1,37.235,33
C_td,serial,3,3,N012,1,36.949,33
C_td,serial,3,3,N013,1,37.022,33
C_td,serial,3,3,N014,1,44.648,41
C_td,serial,3,3,N015,1,37.497,33
C_td,serial,3,3,N016,1,36.951,33
C_td,serial,3,3,N017,1,36.472,32
C_td,serial,3,3,N018,1,21.783,18
C_td,serial,3,3,N019,1,37.028,33
C_td,serial,3,3,N020,1,37.035,33
C_td,serial,3,3,N021,1,37.759,34
C_td,serial,3,3,N022,1,36.798,33
C_td,serial,3,3,N023,1,36.887,33
C_td,serial,3,3,N024,1,37.131,33
C_td,serial,3,3,N025,1,36.953,33
C_td,serial,3,3,N026,1,37.093,33
C_td,serial,3,3,N027,1,37.217,33
C_td,serial,3,3,N028,1,36.954,33
C_td,serial,3,3,N029,1,36.780,33
C_td,serial,3,3,N030,1,36.999,33
C_hdr,msearch,5,3,BATCH,30,84.670,671
B,serial,2,3,N001,1,10.630,6
B,serial,2,3,N002,1,10.263,6
B,serial,2,3,N003,1,9.807,6
B,serial,2,3,N004,1,9.719,6
B,serial,2,3,N005,1,9.656,6
B,serial,2,3,N006,1,9.672,6
B,serial,2,3,N007,1,9.710,6
B,serial,2,3,N008,1,10.664,7
B,serial,2,3,N009,1,9.638,6
B,serial,2,3,N010,1,9.770,6
B,serial,2,3,N011,1,9.599,6
B,serial,2,3,N012,1,9.845,6
B,serial,2,3,N013,1,9.644,6
B,serial,2,3,N014,1,9.643,6
B,serial,2,3,N015,1,9.691,6
B,serial,2,3,N016,1,9.710,6
B,serial,2,3,N017,1,9.896,6
B,serial,2,3,N018,1,9.574,6
B,serial,2,3,N019,1,9.675,6
B,serial,2,3,N020,1,10.012,6
B,serial,2,3,N021,1,9.669,6
B,serial,2,3,N022,1,10.422,6
B,serial,2,3,N023,1,10.001,6
B,serial,2,3,N024,1,9.769,6
B,serial,2,3,N025,1,9.576,6
B,serial,2,3,N026,1,9.696,6
B,serial,2,3,N027,1,8.047,4
B,serial,2,3,N028,1,9.795,6
B,serial,2,3,N029,1,9.764,6
B,serial,2,3,N030,1,9.668,6
D_hdr,serial,3,3,N001,1,27.015,23
D_hdr,serial,3,3,N002,1,30.839,26
D_hdr,serial,3,3,N003,1,25.956,21
D_hdr,serial,3,3,N004,1,27.351,23
D_hdr,serial,3,3,N005,1,25.872,21
D_hdr,serial,3,3,N006,1,28.178,24
D_hdr,serial,3,3,N007,1,23.857,19
D_hdr,serial,3,3,N008,1,26.371,22
D_hdr,serial,3,3,N009,1,28.540,23
D_hdr,serial,3,3,N010,1,25.550,21
D_hdr,serial,3,3,N011,1,30.942,27
D_hdr,serial,3,3,N012,1,25.718,21
D_hdr,serial,3,3,N013,1,25.699,21
D_hdr,serial,3,3,N014,1,25.251,21
D_hdr,serial,3,3,N015,1,25.251,21
D_hdr,serial,3,3,N016,1,23.856,20
D_hdr,serial,3,3,N017,1,24.906,21
D_hdr,serial,3,3,N018,1,25.687,22
D_hdr,serial,3,3,N019,1,25.780,22
D_hdr,serial,3,3,N020,1,25.251,21
D_hdr,serial,3,3,N021,1,25.770,22
D_hdr,serial,3,3,N022,1,25.382,21
D_hdr,serial,3,3,N023,1,26.149,22
D_hdr,serial,3,3,N024,1,25.590,21
D_hdr,serial,3,3,N025,1,25.988,22
D_hdr,serial,3,3,N026,1,26.093,22
D_hdr,serial,3,3,N027,1,26.039,22
D_hdr,serial,3,3,N028,1,26.335,22
D_hdr,serial,3,3,N029,1,25.832,21
D_hdr,serial,3,3,N030,1,26.142,22
A,serial,2,3,N001,1,4.168,0
A,serial,2,3,N002,1,4.290,0
A,serial,2,3,N003,1,4.262,0
A,serial,2,3,N004,1,4.258,0
A,serial,2,3,N005,1,4.249,0
A,serial,2,3,N006,1,4.222,0
A,serial,2,3,N007,1,4.219,0
A,serial,2,3,N008,1,4.197,0
A,serial,2,3,N009,1,4.182,0
A,serial,2,3,N010,1,4.206,0
A,serial,2,3,N011,1,4.223,0
A,serial,2,3,N012,1,4.158,0
A,serial,2,3,N013,1,4.189,0
A,serial,2,3,N014,1,4.173,0
A,serial,2,3,N015,1,4.322,0
A,serial,2,3,N016,1,4.206,0
A,serial,2,3,N017,1,4.298,0
A,serial,2,3,N018,1,4.126,0
A,serial,2,3,N019,1,4.255,0
A,serial,2,3,N020,1,4.241,0
A,serial,2,3,N021,1,4.271,0
A,serial,2,3,N022,1,4.188,0
A,serial,2,3,N023,1,4.182,0
A,serial,2,3,N024,1,4.210,0
A,serial,2,3,N025,1,4.163,0
A,serial,2,3,N026,1,4.260,0
A,serial,2,3,N027,1,4.186,0
A,serial,2,3,N028,1,4.029,0
A,serial,2,3,N029,1,4.262,0
A,serial,2,3,N030,1,4.273,0
C_td,msearch,2,3,BATCH,30,125.612,1065
A,serial,3,3,N001,1,4.938,1
A,serial,3,3,N002,1,4.470,1
A,serial,3,3,N003,1,4.525,1
A,serial,3,3,N004,1,4.480,1
A,serial,3,3,N005,1,4.393,1
A,serial,3,3,N006,1,4.478,1
A,serial,3,3,N007,1,4.405,1
A,serial,3,3,N008,1,4.500,1
A,serial,3,3,N009,1,4.402,1
A,serial,3,3,N010,1,4.485,1
A,serial,3,3,N011,1,4.335,1
A,serial,3,3,N012,1,4.247,1
A,serial,3,3,N013,1,4.185,1
A,serial,3,3,N014,1,4.188,1
A,serial,3,3,N015,1,4.231,1
A,serial,3,3,N016,1,4.318,1
A,serial,3,3,N017,1,4.361,0
A,serial,3,3,N018,1,4.413,1
A,serial,3,3,N019,1,4.540,1
A,serial,3,3,N020,1,4.393,1
A,serial,3,3,N021,1,4.447,1
A,serial,3,3,N022,1,4.390,1
A,serial,3,3,N023,1,4.455,1
A,serial,3,3,N024,1,4.457,1
A,serial,3,3,N025,1,4.547,1
A,serial,3,3,N026,1,4.500,1
A,serial,3,3,N027,1,4.420,1
A,serial,3,3,N028,1,4.479,1
A,serial,3,3,N029,1,4.439,1
A,serial,3,3,N030,1,4.392,1
B,serial,3,3,N001,1,8.763,5
B,serial,3,3,N002,1,8.536,5
B,serial,3,3,N003,1,8.602,5
B,serial,3,3,N004,1,10.926,7
B,serial,3,3,N005,1,8.739,5
B,serial,3,3,N006,1,10.800,7
B,serial,3,3,N007,1,8.658,5
B,serial,3,3,N008,1,8.767,5
B,serial,3,3,N009,1,10.477,6
B,serial,3,3,N010,1,9.002,5
B,serial,3,3,N011,1,10.142,6
B,serial,3,3,N012,1,8.249,4
B,serial,3,3,N013,1,6.905,3
B,serial,3,3,N014,1,6.123,2
B,serial,3,3,N015,1,8.574,5
B,serial,3,3,N016,1,8.205,5
B,serial,3,3,N017,1,11.760,8
B,serial,3,3,N018,1,8.144,4
B,serial,3,3,N019,1,8.919,5
B,serial,3,3,N020,1,8.509,5
B,serial,3,3,N021,1,6.494,3
B,serial,3,3,N022,1,8.473,5
B,serial,3,3,N023,1,8.349,5
B,serial,3,3,N024,1,8.303,4
B,serial,3,3,N025,1,8.635,5
B,serial,3,3,N026,1,8.302,5
B,serial,3,3,N027,1,8.351,5
B,serial,3,3,N028,1,8.679,5
B,serial,3,3,N029,1,8.326,4
B,serial,3,3,N030,1,8.107,5
B,msearch,1,3,BATCH,30,25.335,174
D_hdr,serial,2,3,N001,1,26.568,22
D_hdr,serial,2,3,N002,1,21.846,17
D_hdr,serial,2,3,N003,1,26.092,22
D_hdr,serial,2,3,N004,1,26.218,22
D_hdr,serial,2,3,N005,1,26.373,22
D_hdr,serial,2,3,N006,1,26.266,22
D_hdr,serial,2,3,N007,1,26.627,22
D_hdr,serial,2,3,N008,1,25.719,21
D_hdr,serial,2,3,N009,1,26.439,22
D_hdr,serial,2,3,N010,1,25.882,22
D_hdr,serial,2,3,N011,1,25.977,22
D_hdr,serial,2,3,N012,1,25.773,21
D_hdr,serial,2,3,N013,1,26.926,22
D_hdr,serial,2,3,N014,1,26.036,22
D_hdr,serial,2,3,N015,1,26.607,22
D_hdr,serial,2,3,N016,1,26.243,22
D_hdr,serial,2,3,N017,1,26.553,22
D_hdr,serial,2,3,N018,1,26.095,22
D_hdr,serial,2,3,N019,1,26.280,22
D_hdr,serial,2,3,N020,1,25.704,21
D_hdr,serial,2,3,N021,1,26.125,22
D_hdr,serial,2,3,N022,1,26.140,22
D_hdr,serial,2,3,N023,1,26.165,22
D_hdr,serial,2,3,N024,1,26.354,22
D_hdr,serial,2,3,N025,1,25.902,21
D_hdr,serial,2,3,N026,1,26.201,22
D_hdr,serial,2,3,N027,1,26.263,22
D_hdr,serial,2,3,N028,1,25.993,22
D_hdr,serial,2,3,N029,1,25.712,21
D_hdr,serial,2,3,N030,1,26.169,22
D_td,msearch,2,3,BATCH,30,140.539,1232
D_td,msearch,5,3,BATCH,30,155.555,1311
D_td,msearch,1,3,BATCH,30,123.778,1080
B,serial,4,3,N001,1,12.466,8
B,serial,4,3,N002,1,11.830,8
B,serial,4,3,N003,1,10.169,6
B,serial,4,3,N004,1,11.545,8
B,serial,4,3,N005,1,11.990,8
B,serial,4,3,N006,1,10.765,7
B,serial,4,3,N007,1,11.449,7
B,serial,4,3,N008,1,11.346,7
B,serial,4,3,N009,1,12.402,8
B,serial,4,3,N010,1,12.047,8
B,serial,4,3,N011,1,11.436,7
B,serial,4,3,N012,1,10.946,7
B,serial,4,3,N013,1,11.339,7
B,serial,4,3,N014,1,11.369,7
B,serial,4,3,N015,1,11.522,8
B,serial,4,3,N016,1,11.744,8
B,serial,4,3,N017,1,11.431,7
B,serial,4,3,N018,1,11.371,7
B,serial,4,3,N019,1,11.602,8
B,serial,4,3,N020,1,11.722,8
B,serial,4,3,N021,1,11.414,7
B,serial,4,3,N022,1,11.644,8
B,serial,4,3,N023,1,11.505,8
B,serial,4,3,N024,1,11.619,8
B,serial,4,3,N025,1,11.342,7
B,serial,4,3,N026,1,11.378,7
B,serial,4,3,N027,1,11.703,7
B,serial,4,3,N028,1,11.693,8
B,serial,4,3,N029,1,11.567,8
B,serial,4,3,N030,1,11.446,8
D_td,serial,3,3,N001,1,42.465,38
D_td,serial,3,3,N002,1,42.060,38
D_td,serial,3,3,N003,1,42.330,38
D_td,serial,3,3,N004,1,43.127,39
D_td,serial,3,3,N005,1,41.713,38
D_td,serial,3,3,N006,1,44.212,40
D_td,serial,3,3,N007,1,42.067,38
D_td,serial,3,3,N008,1,41.859,38
D_td,serial,3,3,N009,1,43.502,39
D_td,serial,3,3,N010,1,42.162,38
D_td,serial,3,3,N011,1,41.954,38
D_td,serial,3,3,N012,1,41.754,38
D_td,serial,3,3,N013,1,41.880,38
D_td,serial,3,3,N014,1,42.360,38
D_td,serial,3,3,N015,1,43.062,38
D_td,serial,3,3,N016,1,41.896,38
D_td,serial,3,3,N017,1,42.071,38
D_td,serial,3,3,N018,1,42.830,39
D_td,serial,3,3,N019,1,41.617,38
D_td,serial,3,3,N020,1,41.947,38
D_td,serial,3,3,N021,1,41.963,38
D_td,serial,3,3,N022,1,41.648,38
D_td,serial,3,3,N023,1,41.801,38
D_td,serial,3,3,N024,1,41.801,38
D_td,serial,3,3,N025,1,41.959,38
D_td,serial,3,3,N026,1,41.927,38
D_td,serial,3,3,N027,1,41.637,38
D_td,serial,3,3,N028,1,41.855,38
D_td,serial,3,3,N029,1,41.908,38
D_td,serial,3,3,N030,1,42.853,39
C_td,msearch,4,3,BATCH,30,165.123,1423
D_td,serial,2,3,N001,1,29.458,25
D_td,serial,2,3,N002,1,44.401,40
D_td,serial,2,3,N003,1,32.426,29
D_td,serial,2,3,N004,1,39.053,35
D_td,serial,2,3,N005,1,36.766,33
D_td,serial,2,3,N006,1,31.425,28
D_td,serial,2,3,N007,1,40.135,36
D_td,serial,2,3,N008,1,39.654,36
D_td,serial,2,3,N009,1,41.236,37
D_td,serial,2,3,N010,1,29.877,26
D_td,serial,2,3,N011,1,40.215,36
D_td,serial,2,3,N012,1,51.047,47
D_td,serial,2,3,N013,1,33.142,29
D_td,serial,2,3,N014,1,40.619,36
D_td,serial,2,3,N015,1,39.148,35
D_td,serial,2,3,N016,1,40.465,36
D_td,serial,2,3,N017,1,40.154,36
D_td,serial,2,3,N018,1,40.182,36
D_td,serial,2,3,N019,1,40.879,37
D_td,serial,2,3,N020,1,40.241,36
D_td,serial,2,3,N021,1,40.254,36
D_td,serial,2,3,N022,1,41.081,37
D_td,serial,2,3,N023,1,40.448,36
D_td,serial,2,3,N024,1,37.658,34
D_td,serial,2,3,N025,1,40.149,36
D_td,serial,2,3,N026,1,40.021,36
D_td,serial,2,3,N027,1,40.245,36
D_td,serial,2,3,N028,1,39.868,36
D_td,serial,2,3,N029,1,40.170,36
D_td,serial,2,3,N030,1,40.901,37
C_td,serial,1,3,N001,1,35.216,31
C_td,serial,1,3,N002,1,34.429,30
C_td,serial,1,3,N003,1,34.680,31
C_td,serial,1,3,N004,1,34.735,31
C_td,serial,1,3,N005,1,35.086,30
C_td,serial,1,3,N006,1,34.657,31
C_td,serial,1,3,N007,1,35.127,31
C_td,serial,1,3,N008,1,34.345,30
C_td,serial,1,3,N009,1,34.644,31
C_td,serial,1,3,N010,1,34.409,30
C_td,serial,1,3,N011,1,34.200,30
C_td,serial,1,3,N012,1,34.279,30
C_td,serial,1,3,N013,1,34.777,31
C_td,serial,1,3,N014,1,34.613,31
C_td,serial,1,3,N015,1,34.425,30
C_td,serial,1,3,N016,1,34.661,31
C_td,serial,1,3,N017,1,34.199,30
C_td,serial,1,3,N018,1,34.603,31
C_td,serial,1,3,N019,1,35.203,31
C_td,serial,1,3,N020,1,34.372,30
C_td,serial,1,3,N021,1,34.350,30
C_td,serial,1,3,N022,1,34.817,31
C_td,serial,1,3,N023,1,34.213,30
C_td,serial,1,3,N024,1,34.608,31
C_td,serial,1,3,N025,1,34.253,30
C_td,serial,1,3,N026,1,34.353,30
C_td,serial,1,3,N027,1,34.269,30
C_td,serial,1,3,N028,1,34.347,30
C_td,serial,1,3,N029,1,34.301,30
C_td,serial,1,3,N030,1,34.907,31
D_td,msearch,4,3,BATCH,30,173.768,1518
D_hdr,msearch,4,3,BATCH,30,113.363,881
B,msearch,3,3,BATCH,30,29.637,182
C_hdr,serial,1,3,N001,1,23.084,18
C_hdr,serial,1,3,N002,1,22.822,18
C_hdr,serial,1,3,N003,1,21.924,18
C_hdr,serial,1,3,N004,1,22.471,18
C_hdr,serial,1,3,N005,1,21.731,17
C_hdr,serial,1,3,N006,1,21.485,17
C_hdr,serial,1,3,N007,1,22.240,18
C_hdr,serial,1,3,N008,1,22.160,18
C_hdr,serial,1,3,N009,1,22.181,18
C_hdr,serial,1,3,N010,1,24.743,21
C_hdr,serial,1,3,N011,1,22.329,18
C_hdr,serial,1,3,N012,1,21.933,18
C_hdr,serial,1,3,N013,1,22.979,19
C_hdr,serial,1,3,N014,1,21.431,17
C_hdr,serial,1,3,N015,1,22.120,18
C_hdr,serial,1,3,N016,1,21.640,17
C_hdr,serial,1,3,N017,1,21.926,18
C_hdr,serial,1,3,N018,1,21.588,17
C_hdr,serial,1,3,N019,1,21.438,17
C_hdr,serial,1,3,N020,1,21.499,17
C_hdr,serial,1,3,N021,1,20.975,17
C_hdr,serial,1,3,N022,1,21.208,17
C_hdr,serial,1,3,N023,1,21.901,18
C_hdr,serial,1,3,N024,1,22.470,18
C_hdr,serial,1,3,N025,1,21.597,17
C_hdr,serial,1,3,N026,1,22.034,18
C_hdr,serial,1,3,N027,1,22.080,18
C_hdr,serial,1,3,N028,1,21.849,18
C_hdr,serial,1,3,N029,1,21.662,17
C_hdr,serial,1,3,N030,1,21.487,17
D_td,serial,5,3,N001,1,47.354,43
D_td,serial,5,3,N002,1,46.914,43
D_td,serial,5,3,N003,1,47.423,43
D_td,serial,5,3,N004,1,46.517,42
D_td,serial,5,3,N005,1,46.789,43
D_td,serial,5,3,N006,1,46.493,42
D_td,serial,5,3,N007,1,46.835,43
D_td,serial,5,3,N008,1,47.098,43
D_td,serial,5,3,N009,1,46.733,43
D_td,serial,5,3,N010,1,46.380,42
D_td,serial,5,3,N011,1,46.259,42
D_td,serial,5,3,N012,1,46.276,42
D_td,serial,5,3,N013,1,46.957,43
D_td,serial,5,3,N014,1,48.027,44
D_td,serial,5,3,N015,1,46.360,42
D_td,serial,5,3,N016,1,46.484,42
D_td,serial,5,3,N017,1,46.762,43
D_td,serial,5,3,N018,1,46.534,42
D_td,serial,5,3,N019,1,46.150,42
D_td,serial,5,3,N020,1,47.081,43
D_td,serial,5,3,N021,1,44.098,40
D_td,serial,5,3,N022,1,46.791,43
D_td,serial,5,3,N023,1,46.170,42
D_td,serial,5,3,N024,1,47.069,43
D_td,serial,5,3,N025,1,47.383,43
D_td,serial,5,3,N026,1,46.748,43
D_td,serial,5,3,N027,1,46.799,43
D_td,serial,5,3,N028,1,46.800,43
D_td,serial,5,3,N029,1,46.684,43
D_td,serial,5,3,N030,1,46.116,42
D_hdr,serial,1,3,N001,1,26.828,23
D_hdr,serial,1,3,N002,1,25.437,21
D_hdr,serial,1,3,N003,1,25.734,21
D_hdr,serial,1,3,N004,1,25.705,21
D_hdr,serial,1,3,N005,1,26.446,22
D_hdr,serial,1,3,N006,1,25.138,21
D_hdr,serial,1,3,N007,1,25.847,21
D_hdr,serial,1,3,N008,1,26.223,22
D_hdr,serial,1,3,N009,1,26.789,22
D_hdr,serial,1,3,N010,1,25.466,21
D_hdr,serial,1,3,N011,1,26.024,22
D_hdr,serial,1,3,N012,1,25.924,22
D_hdr,serial,1,3,N013,1,25.002,21
D_hdr,serial,1,3,N014,1,25.499,21
D_hdr,serial,1,3,N015,1,25.282,21
D_hdr,serial,1,3,N016,1,25.819,21
D_hdr,serial,1,3,N017,1,25.235,21
D_hdr,serial,1,3,N018,1,25.696,21
D_hdr,serial,1,3,N019,1,25.115,21
D_hdr,serial,1,3,N020,1,25.270,21
D_hdr,serial,1,3,N021,1,24.969,21
D_hdr,serial,1,3,N022,1,25.160,21
D_hdr,serial,1,3,N023,1,25.549,21
D_hdr,serial,1,3,N024,1,25.462,21
D_hdr,serial,1,3,N025,1,25.235,21
D_hdr,serial,1,3,N026,1,25.314,21
D_hdr,serial,1,3,N027,1,25.974,22
D_hdr,serial,1,3,N028,1,26.234,22
D_hdr,serial,1,3,N029,1,24.983,21
D_hdr,serial,1,3,N030,1,26.375,22
C_td,serial,2,3,N001,1,36.444,32
C_td,serial,2,3,N002,1,36.820,33
C_td,serial,2,3,N003,1,35.950,32
C_td,serial,2,3,N004,1,35.789,32
C_td,serial,2,3,N005,1,36.028,32
C_td,serial,2,3,N006,1,36.158,32
C_td,serial,2,3,N007,1,35.636,32
C_td,serial,2,3,N008,1,35.874,32
C_td,serial,2,3,N009,1,35.767,32
C_td,serial,2,3,N010,1,35.743,32
C_td,serial,2,3,N011,1,36.409,32
C_td,serial,2,3,N012,1,36.222,32
C_td,serial,2,3,N013,1,36.811,33
C_td,serial,2,3,N014,1,36.334,32
C_td,serial,2,3,N015,1,37.548,33
C_td,serial,2,3,N016,1,37.084,33
C_td,serial,2,3,N017,1,36.218,32
C_td,serial,2,3,N018,1,35.654,32
C_td,serial,2,3,N019,1,35.591,32
C_td,serial,2,3,N020,1,36.054,32
C_td,serial,2,3,N021,1,25.523,22
C_td,serial,2,3,N022,1,35.857,32
C_td,serial,2,3,N023,1,36.212,32
C_td,serial,2,3,N024,1,35.820,32
C_td,serial,2,3,N025,1,37.112,33
C_td,serial,2,3,N026,1,36.119,32
C_td,serial,2,3,N027,1,36.724,33
C_td,serial,2,3,N028,1,35.958,32
C_td,serial,2,3,N029,1,36.090,32
C_td,serial,2,3,N030,1,36.139,32
A,serial,1,3,N001,1,4.604,1
A,serial,1,3,N002,1,4.642,1
A,serial,1,3,N003,1,4.543,1
A,serial,1,3,N004,1,4.603,1
A,serial,1,3,N005,1,4.660,1
A,serial,1,3,N006,1,4.580,1
A,serial,1,3,N007,1,4.635,1
A,serial,1,3,N008,1,4.637,1
A,serial,1,3,N009,1,4.928,1
A,serial,1,3,N010,1,4.650,1
A,serial,1,3,N011,1,4.566,1
A,serial,1,3,N012,1,4.548,1
A,serial,1,3,N013,1,4.647,1
A,serial,1,3,N014,1,4.670,1
A,serial,1,3,N015,1,4.680,1
A,serial,1,3,N016,1,5.005,1
A,serial,1,3,N017,1,4.407,1
A,serial,1,3,N018,1,4.571,1
A,serial,1,3,N019,1,4.612,1
A,serial,1,3,N020,1,4.617,1
A,serial,1,3,N021,1,4.574,1
A,serial,1,3,N022,1,4.633,1
A,serial,1,3,N023,1,4.660,1
A,serial,1,3,N024,1,4.617,1
A,serial,1,3,N025,1,4.635,1
A,serial,1,3,N026,1,4.478,1
A,serial,1,3,N027,1,4.761,1
A,serial,1,3,N028,1,4.711,1
A,serial,1,3,N029,1,4.606,1
A,serial,1,3,N030,1,4.667,1
D_hdr,msearch,2,3,BATCH,30,96.892,749
C_hdr,serial,4,3,N001,1,27.876,23
C_hdr,serial,4,3,N002,1,26.713,22
C_hdr,serial,4,3,N003,1,27.963,23
C_hdr,serial,4,3,N004,1,26.486,22
C_hdr,serial,4,3,N005,1,26.478,22
C_hdr,serial,4,3,N006,1,25.804,21
C_hdr,serial,4,3,N007,1,26.126,22
C_hdr,serial,4,3,N008,1,26.250,22
C_hdr,serial,4,3,N009,1,27.346,23
C_hdr,serial,4,3,N010,1,25.488,21
C_hdr,serial,4,3,N011,1,26.137,22
C_hdr,serial,4,3,N012,1,26.018,22
C_hdr,serial,4,3,N013,1,26.276,22
C_hdr,serial,4,3,N014,1,26.820,22
C_hdr,serial,4,3,N015,1,26.289,22
C_hdr,serial,4,3,N016,1,26.866,22
C_hdr,serial,4,3,N017,1,26.714,22
C_hdr,serial,4,3,N018,1,26.609,22
C_hdr,serial,4,3,N019,1,26.830,22
C_hdr,serial,4,3,N020,1,25.970,22
C_hdr,serial,4,3,N021,1,26.391,22
C_hdr,serial,4,3,N022,1,26.664,22
C_hdr,serial,4,3,N023,1,26.633,22
C_hdr,serial,4,3,N024,1,27.025,23
C_hdr,serial,4,3,N025,1,25.750,21
C_hdr,serial,4,3,N026,1,25.767,22
C_hdr,serial,4,3,N027,1,26.840,23
C_hdr,serial,4,3,N028,1,26.536,22
C_hdr,serial,4,3,N029,1,25.795,21
C_hdr,serial,4,3,N030,1,26.093,22
C_td,msearch,5,3,BATCH,30,136.542,1214
C_hdr,msearch,2,3,BATCH,30,82.572,639
C_td,serial,5,3,N001,1,42.678,38
C_td,serial,5,3,N002,1,41.915,38
C_td,serial,5,3,N003,1,42.481,39
C_td,serial,5,3,N004,1,41.707,38
C_td,serial,5,3,N005,1,41.863,38
C_td,serial,5,3,N006,1,41.877,38
C_td,serial,5,3,N007,1,41.376,37
C_td,serial,5,3,N008,1,42.314,38
C_td,serial,5,3,N009,1,44.331,40
C_td,serial,5,3,N010,1,41.858,38
C_td,serial,5,3,N011,1,41.359,37
C_td,serial,5,3,N012,1,41.687,38
C_td,serial,5,3,N013,1,41.849,38
C_td,serial,5,3,N014,1,39.844,36
C_td,serial,5,3,N015,1,42.799,39
C_td,serial,5,3,N016,1,41.535,38
C_td,serial,5,3,N017,1,42.161,38
C_td,serial,5,3,N018,1,42.033,38
C_td,serial,5,3,N019,1,41.860,38
C_td,serial,5,3,N020,1,42.173,38
C_td,serial,5,3,N021,1,41.970,38
C_td,serial,5,3,N022,1,41.509,38
C_td,serial,5,3,N023,1,42.171,38
C_td,serial,5,3,N024,1,41.709,38
C_td,serial,5,3,N025,1,41.664,37
C_td,serial,5,3,N026,1,41.742,38
C_td,serial,5,3,N027,1,42.700,39
C_td,serial,5,3,N028,1,41.701,38
C_td,serial,5,3,N029,1,42.143,38
C_td,serial,5,3,N030,1,41.891,38
A,serial,5,3,N001,1,4.230,0
A,serial,5,3,N002,1,4.376,0
A,serial,5,3,N003,1,4.468,1
A,serial,5,3,N004,1,4.205,0
A,serial,5,3,N005,1,4.193,0
A,serial,5,3,N006,1,4.341,0
A,serial,5,3,N007,1,4.227,0
A,serial,5,3,N008,1,4.307,0
A,serial,5,3,N009,1,4.337,0
A,serial,5,3,N010,1,4.376,1
A,serial,5,3,N011,1,4.326,0
A,serial,5,3,N012,1,4.300,0
A,serial,5,3,N013,1,4.282,0
A,serial,5,3,N014,1,4.200,0
A,serial,5,3,N015,1,4.351,0
A,serial,5,3,N016,1,4.320,0
A,serial,5,3,N017,1,4.219,0
A,serial,5,3,N018,1,4.288,0
A,serial,5,3,N019,1,4.371,0
A,serial,5,3,N020,1,4.233,0
A,serial,5,3,N021,1,4.339,1
A,serial,5,3,N022,1,4.207,0
A,serial,5,3,N023,1,4.121,0
A,serial,5,3,N024,1,4.133,0
A,serial,5,3,N025,1,4.170,0
A,serial,5,3,N026,1,4.211,0
A,serial,5,3,N027,1,4.067,0
A,serial,5,3,N028,1,4.069,0
A,serial,5,3,N029,1,3.984,0
A,serial,5,3,N030,1,4.035,0
C_hdr,msearch,4,3,BATCH,30,100.211,837
D_hdr,serial,4,3,N001,1,31.934,27
D_hdr,serial,4,3,N002,1,25.105,21
D_hdr,serial,4,3,N003,1,34.294,30
D_hdr,serial,4,3,N004,1,33.987,30
D_hdr,serial,4,3,N005,1,32.728,29
D_hdr,serial,4,3,N006,1,34.457,30
D_hdr,serial,4,3,N007,1,33.260,29
D_hdr,serial,4,3,N008,1,37.705,33
D_hdr,serial,4,3,N009,1,31.864,27
D_hdr,serial,4,3,N010,1,33.180,29
D_hdr,serial,4,3,N011,1,33.538,29
D_hdr,serial,4,3,N012,1,35.599,31
D_hdr,serial,4,3,N013,1,33.578,29
D_hdr,serial,4,3,N014,1,33.928,29
D_hdr,serial,4,3,N015,1,34.498,30
D_hdr,serial,4,3,N016,1,27.208,23
D_hdr,serial,4,3,N017,1,31.789,27
D_hdr,serial,4,3,N018,1,34.640,30
D_hdr,serial,4,3,N019,1,36.690,32
D_hdr,serial,4,3,N020,1,34.240,30
D_hdr,serial,4,3,N021,1,33.039,29
D_hdr,serial,4,3,N022,1,33.916,29
D_hdr,serial,4,3,N023,1,37.268,33
D_hdr,serial,4,3,N024,1,35.344,31
D_hdr,serial,4,3,N025,1,36.415,32
D_hdr,serial,4,3,N026,1,34.899,30
D_hdr,serial,4,3,N027,1,34.141,30
D_hdr,serial,4,3,N028,1,34.886,30
D_hdr,serial,4,3,N029,1,35.256,31
D_hdr,serial,4,3,N030,1,34.706,30
B,serial,1,3,N001,1,10.046,6
B,serial,1,3,N002,1,10.141,6
B,serial,1,3,N003,1,9.896,6
B,serial,1,3,N004,1,9.891,6
B,serial,1,3,N005,1,10.113,6
B,serial,1,3,N006,1,9.680,6
B,serial,1,3,N007,1,9.722,6
B,serial,1,3,N008,1,9.450,5
B,serial,1,3,N009,1,11.339,6
B,serial,1,3,N010,1,9.656,6
B,serial,1,3,N011,1,9.594,5
B,serial,1,3,N012,1,9.742,6
B,serial,1,3,N013,1,9.528,6
B,serial,1,3,N014,1,9.613,6
B,serial,1,3,N015,1,9.831,6
B,serial,1,3,N016,1,9.289,5
B,serial,1,3,N017,1,9.833,6
B,serial,1,3,N018,1,9.388,5
B,serial,1,3,N019,1,9.447,6
B,serial,1,3,N020,1,9.254,5
B,serial,1,3,N021,1,9.340,5
B,serial,1,3,N022,1,9.392,5
B,serial,1,3,N023,1,9.302,5
B,serial,1,3,N024,1,9.528,6
B,serial,1,3,N025,1,9.230,5
B,serial,1,3,N026,1,6.890,3
B,serial,1,3,N027,1,9.530,6
B,serial,1,3,N028,1,9.395,5
B,serial,1,3,N029,1,9.545,6
B,serial,1,3,N030,1,9.722,6
D_td,serial,1,3,N001,1,39.242,35
D_td,serial,1,3,N002,1,39.448,35
D_td,serial,1,3,N003,1,39.438,35
D_td,serial,1,3,N004,1,39.579,35
D_td,serial,1,3,N005,1,39.578,35
D_td,serial,1,3,N006,1,40.425,36
D_td,serial,1,3,N007,1,39.428,35
D_td,serial,1,3,N008,1,40.786,37
D_td,serial,1,3,N009,1,39.340,35
D_td,serial,1,3,N010,1,39.352,35
D_td,serial,1,3,N011,1,39.442,35
D_td,serial,1,3,N012,1,39.483,35
D_td,serial,1,3,N013,1,39.470,35
D_td,serial,1,3,N014,1,39.652,35
D_td,serial,1,3,N015,1,39.485,35
D_td,serial,1,3,N016,1,39.910,36
D_td,serial,1,3,N017,1,40.454,36
D_td,serial,1,3,N018,1,40.418,36
D_td,serial,1,3,N019,1,39.794,36
D_td,serial,1,3,N020,1,39.967,36
D_td,serial,1,3,N021,1,40.480,36
D_td,serial,1,3,N022,1,39.649,35
D_td,serial,1,3,N023,1,40.298,36
D_td,serial,1,3,N024,1,39.494,35
D_td,serial,1,3,N025,1,39.547,35
D_td,serial,1,3,N026,1,39.281,35
D_td,serial,1,3,N027,1,40.113,36
D_td,serial,1,3,N028,1,40.462,36
D_td,serial,1,3,N029,1,39.446,35
D_td,serial,1,3,N030,1,40.177,36
A,msearch,5,3,BATCH,30,9.063,21
A,msearch,3,3,BATCH,30,9.529,30
A,serial,4,3,N001,1,4.217,0
A,serial,4,3,N002,1,4.372,1
A,serial,4,3,N003,1,4.625,1
A,serial,4,3,N004,1,4.490,1
A,serial,4,3,N005,1,4.665,1
A,serial,4,3,N006,1,4.532,1
A,serial,4,3,N007,1,4.722,1
A,serial,4,3,N008,1,4.434,1
A,serial,4,3,N009,1,4.519,1
A,serial,4,3,N010,1,4.427,1
A,serial,4,3,N011,1,4.595,1
A,serial,4,3,N012,1,4.554,0
A,serial,4,3,N013,1,4.696,1
A,serial,4,3,N014,1,4.492,1
A,serial,4,3,N015,1,4.479,1
A,serial,4,3,N016,1,4.655,1
A,serial,4,3,N017,1,4.466,0
A,serial,4,3,N018,1,4.555,1
A,serial,4,3,N019,1,5.507,1
A,serial,4,3,N020,1,4.500,1
A,serial,4,3,N021,1,4.568,1
A,serial,4,3,N022,1,4.568,1
A,serial,4,3,N023,1,4.404,1
A,serial,4,3,N024,1,4.408,1
A,serial,4,3,N025,1,4.775,1
A,serial,4,3,N026,1,4.476,1
A,serial,4,3,N027,1,4.520,1
A,serial,4,3,N028,1,4.635,1
A,serial,4,3,N029,1,4.687,1
A,serial,4,3,N030,1,4.702,1
A,msearch,1,3,BATCH,30,9.926,30
C_hdr,serial,2,3,N001,1,27.321,23
C_hdr,serial,2,3,N002,1,25.352,21
C_hdr,serial,2,3,N003,1,25.407,21
C_hdr,serial,2,3,N004,1,27.817,23
C_hdr,serial,2,3,N005,1,26.702,22
C_hdr,serial,2,3,N006,1,26.101,22
C_hdr,serial,2,3,N007,1,26.852,22
C_hdr,serial,2,3,N008,1,25.035,20
C_hdr,serial,2,3,N009,1,25.757,21
C_hdr,serial,2,3,N010,1,25.540,21
C_hdr,serial,2,3,N011,1,25.375,21
C_hdr,serial,2,3,N012,1,25.154,21
C_hdr,serial,2,3,N013,1,26.027,22
C_hdr,serial,2,3,N014,1,28.788,24
C_hdr,serial,2,3,N015,1,25.288,21
C_hdr,serial,2,3,N016,1,25.478,21
C_hdr,serial,2,3,N017,1,27.591,23
C_hdr,serial,2,3,N018,1,27.006,23
C_hdr,serial,2,3,N019,1,24.493,20
C_hdr,serial,2,3,N020,1,24.831,20
C_hdr,serial,2,3,N021,1,25.969,22
C_hdr,serial,2,3,N022,1,25.003,21
C_hdr,serial,2,3,N023,1,25.727,21
C_hdr,serial,2,3,N024,1,25.664,21
C_hdr,serial,2,3,N025,1,24.681,20
C_hdr,serial,2,3,N026,1,24.875,20
C_hdr,serial,2,3,N027,1,25.306,21
C_hdr,serial,2,3,N028,1,25.165,21
C_hdr,serial,2,3,N029,1,24.416,20
C_hdr,serial,2,3,N030,1,25.484,21
C_hdr,serial,3,3,N001,1,25.133,21
C_hdr,serial,3,3,N002,1,24.536,20
C_hdr,serial,3,3,N003,1,24.073,20
C_hdr,serial,3,3,N004,1,27.308,23
C_hdr,serial,3,3,N005,1,29.263,25
C_hdr,serial,3,3,N006,1,28.442,24
C_hdr,serial,3,3,N007,1,24.171,20
C_hdr,serial,3,3,N008,1,28.279,24
C_hdr,serial,3,3,N009,1,26.133,22
C_hdr,serial,3,3,N010,1,27.762,23
C_hdr,serial,3,3,N011,1,24.905,21
C_hdr,serial,3,3,N012,1,26.996,23
C_hdr,serial,3,3,N013,1,24.341,20
C_hdr,serial,3,3,N014,1,24.689,20
C_hdr,serial,3,3,N015,1,26.687,22
C_hdr,serial,3,3,N016,1,23.807,19
C_hdr,serial,3,3,N017,1,23.781,19
C_hdr,serial,3,3,N018,1,24.328,20
C_hdr,serial,3,3,N019,1,28.786,24
C_hdr,serial,3,3,N020,1,24.857,20
C_hdr,serial,3,3,N021,1,24.646,20
C_hdr,serial,3,3,N022,1,26.694,22
C_hdr,serial,3,3,N023,1,24.529,20
C_hdr,serial,3,3,N024,1,26.875,22
C_hdr,serial,3,3,N025,1,24.124,20
C_hdr,serial,3,3,N026,1,26.559,22
C_hdr,serial,3,3,N027,1,24.543,20
C_hdr,serial,3,3,N028,1,25.969,21
C_hdr,serial,3,3,N029,1,28.846,25
C_hdr,serial,3,3,N030,1,24.733,20
A,msearch,4,3,BATCH,30,45.520,302
B,serial,5,3,N001,1,18.003,14
B,serial,5,3,N002,1,11.193,7
B,serial,5,3,N003,1,10.810,7
B,serial,5,3,N004,1,10.692,7
B,serial,5,3,N005,1,10.562,7
B,serial,5,3,N006,1,10.689,7
B,serial,5,3,N007,1,10.784,7
B,serial,5,3,N008,1,10.460,6
B,serial,5,3,N009,1,10.471,7
B,serial,5,3,N010,1,10.526,7
B,serial,5,3,N011,1,10.627,7
B,serial,5,3,N012,1,10.820,7
B,serial,5,3,N013,1,10.523,7
B,serial,5,3,N014,1,10.503,7
B,serial,5,3,N015,1,10.581,7
B,serial,5,3,N016,1,10.509,7
B,serial,5,3,N017,1,10.513,6
B,serial,5,3,N018,1,10.436,6
B,serial,5,3,N019,1,11.209,7
B,serial,5,3,N020,1,10.371,6
B,serial,5,3,N021,1,10.574,7
B,serial,5,3,N022,1,10.638,7
B,serial,5,3,N023,1,10.749,7
B,serial,5,3,N024,1,10.506,7
B,serial,5,3,N025,1,10.597,7
B,serial,5,3,N026,1,10.475,6
B,serial,5,3,N027,1,10.449,7
B,serial,5,3,N028,1,10.439,6
B,serial,5,3,N029,1,10.715,7
B,serial,5,3,N030,1,10.797,7
C_td,serial,4,3,N001,1,49.357,44
C_td,serial,4,3,N002,1,47.836,44
C_td,serial,4,3,N003,1,45.064,41
C_td,serial,4,3,N004,1,47.370,43
C_td,serial,4,3,N005,1,47.215,43
C_td,serial,4,3,N006,1,47.642,44
C_td,serial,4,3,N007,1,47.663,44
C_td,serial,4,3,N008,1,48.467,44
C_td,serial,4,3,N009,1,37.481,33
C_td,serial,4,3,N010,1,30.463,26
C_td,serial,4,3,N011,1,47.442,43
C_td,serial,4,3,N012,1,48.419,44
C_td,serial,4,3,N013,1,47.257,43
C_td,serial,4,3,N014,1,47.917,44
C_td,serial,4,3,N015,1,47.616,44
C_td,serial,4,3,N016,1,47.933,44
C_td,serial,4,3,N017,1,47.413,43
C_td,serial,4,3,N018,1,47.455,43
C_td,serial,4,3,N019,1,47.484,43
C_td,serial,4,3,N020,1,47.087,43
C_td,serial,4,3,N021,1,47.531,43
C_td,serial,4,3,N022,1,48.813,44
C_td,serial,4,3,N023,1,48.206,44
C_td,serial,4,3,N024,1,47.636,43
C_td,serial,4,3,N025,1,44.406,40
C_td,serial,4,3,N026,1,47.619,44
C_td,serial,4,3,N027,1,47.725,44
C_td,serial,4,3,N028,1,47.287,43
C_td,serial,4,3,N029,1,48.230,44
C_td,serial,4,3,N030,1,48.014,44
C_td,msearch,1,3,BATCH,30,126.826,1052
D_hdr,serial,5,3,N001,1,29.543,25
D_hdr,serial,5,3,N002,1,27.805,23
D_hdr,serial,5,3,N003,1,27.776,23
D_hdr,serial,5,3,N004,1,28.535,24
D_hdr,serial,5,3,N005,1,29.042,25
D_hdr,serial,5,3,N006,1,27.937,24
D_hdr,serial,5,3,N007,1,28.362,24
D_hdr,serial,5,3,N008,1,28.112,24
D_hdr,serial,5,3,N009,1,27.962,24
D_hdr,serial,5,3,N010,1,28.556,24
D_hdr,serial,5,3,N011,1,28.356,24
D_hdr,serial,5,3,N012,1,26.701,22
D_hdr,serial,5,3,N013,1,28.292,24
D_hdr,serial,5,3,N014,1,26.914,23
D_hdr,serial,5,3,N015,1,28.435,24
D_hdr,serial,5,3,N016,1,28.461,24
D_hdr,serial,5,3,N017,1,29.021,25
D_hdr,serial,5,3,N018,1,28.847,25
D_hdr,serial,5,3,N019,1,28.582,24
D_hdr,serial,5,3,N020,1,28.632,24
D_hdr,serial,5,3,N021,1,27.639,23
D_hdr,serial,5,3,N022,1,28.870,24
D_hdr,serial,5,3,N023,1,27.682,23
D_hdr,serial,5,3,N024,1,27.946,24
D_hdr,serial,5,3,N025,1,28.089,24
D_hdr,serial,5,3,N026,1,28.498,24
D_hdr,serial,5,3,N027,1,28.288,24
D_hdr,serial,5,3,N028,1,28.001,24
D_hdr,serial,5,3,N029,1,27.983,24
D_hdr,serial,5,3,N030,1,28.307,24
C_td,msearch,3,3,BATCH,30,140.253,1117
C_hdr,msearch,3,3,BATCH,30,75.054,584
D_hdr,msearch,5,3,BATCH,30,104.639,797
B,msearch,2,3,BATCH,30,31.957,216
C_hdr,serial,5,3,N001,1,26.796,22
C_hdr,serial,5,3,N002,1,24.397,20
C_hdr,serial,5,3,N003,1,24.094,20
C_hdr,serial,5,3,N004,1,23.674,20
C_hdr,serial,5,3,N005,1,24.889,21
C_hdr,serial,5,3,N006,1,23.479,19
C_hdr,serial,5,3,N007,1,24.078,20
C_hdr,serial,5,3,N008,1,24.558,20
C_hdr,serial,5,3,N009,1,24.146,20
C_hdr,serial,5,3,N010,1,24.411,20
C_hdr,serial,5,3,N011,1,24.714,20
C_hdr,serial,5,3,N012,1,23.916,20
C_hdr,serial,5,3,N013,1,24.579,20
C_hdr,serial,5,3,N014,1,23.821,19
C_hdr,serial,5,3,N015,1,24.926,21
C_hdr,serial,5,3,N016,1,23.998,20
C_hdr,serial,5,3,N017,1,24.034,20
C_hdr,serial,5,3,N018,1,24.228,20
C_hdr,serial,5,3,N019,1,23.681,20
C_hdr,serial,5,3,N020,1,22.374,18
C_hdr,serial,5,3,N021,1,24.019,20
C_hdr,serial,5,3,N022,1,24.398,20
C_hdr,serial,5,3,N023,1,23.366,19
C_hdr,serial,5,3,N024,1,23.994,20
C_hdr,serial,5,3,N025,1,24.153,20
C_hdr,serial,5,3,N026,1,23.736,19
C_hdr,serial,5,3,N027,1,23.500,19
C_hdr,serial,5,3,N028,1,23.521,19
C_hdr,serial,5,3,N029,1,23.947,20
C_hdr,serial,5,3,N030,1,24.728,20
C_hdr,msearch,1,3,BATCH,30,74.856,583
D_td,msearch,3,3,BATCH,30,140.178,1220
